event_id,op,source_updated_at,ingested_at,schedule_id,child_id,discipline_id,weekday,start_time,end_time,valid_from,valid_to,status
evt_sch_00001,I,2026-05-06 04:42:00,2026-05-06 04:43:00,sch_00001,child_041,aba,tuesday,16:00,16:45,2026-06-18,2026-08-17,paused
evt_sch_00002,I,2026-05-06 04:44:00,2026-05-06 04:45:00,sch_00002,child_039,fono,friday,09:30,11:30,2026-06-23,2026-08-22,active
evt_sch_00003,I,2026-05-06 04:46:00,2026-05-06 04:47:00,sch_00003,child_070,to,thursday,09:00,09:30,2026-06-02,2026-07-17,active
evt_sch_00004,I,2026-05-06 04:48:00,2026-05-06 04:49:00,sch_00004,child_056,fono,sunday,08:30,09:30,2026-06-08,2026-08-07,paused
evt_sch_00005,I,2026-05-06 04:50:00,2026-05-06 04:51:00,sch_00005,child_042,aba,saturday,10:00,11:30,2026-06-01,2026-07-01,active
evt_sch_00006,U,2026-05-06 04:52:00,2026-05-06 04:53:00,sch_00005,child_042,aba,saturday,10:00,11:30,2026-06-01,2026-07-01,cancelled
evt_sch_00007,I,2026-05-06 04:54:00,2026-05-06 04:55:00,sch_00006,child_056,fono,saturday,16:00,17:30,2026-05-06,2026-06-20,cancelled
evt_sch_00008,I,2026-05-06 04:56:00,2026-05-06 04:57:00,sch_00007,child_010,aba,wednesday,09:00,10:30,2026-06-15,2026-07-15,cancelled
evt_sch_00009,I,2026-05-06 04:58:00,2026-05-06 04:59:00,sch_00008,child_041,to,monday,08:30,09:00,2026-06-30,2026-08-14,active
evt_sch_00010,I,2026-05-06 05:00:00,2026-05-06 05:01:00,sch_00009,child_035,aba,tuesday,08:30,09:15,2026-05-28,2026-07-27,active
evt_sch_00011,I,2026-05-06 05:02:00,2026-05-06 05:03:00,sch_00010,child_066,psico,monday,08:00,08:30,2026-05-23,2026-06-06,active
evt_sch_00012,U,2026-05-06 05:04:00,2026-05-06 05:05:00,sch_00010,child_066,psico,monday,08:00,08:30,2026-05-23,2026-06-06,cancelled
evt_sch_00013,I,2026-05-06 05:06:00,2026-05-06 05:07:00,sch_00011,child_050,aba,wednesday,13:00,14:30,2026-06-19,2026-07-03,cancelled
evt_sch_00014,I,2026-05-06 05:08:00,2026-05-06 05:09:00,sch_00012,child_072,fono,friday,15:00,15:45,2026-06-13,2026-08-12,active
evt_sch_00015,I,2026-05-06 05:10:00,2026-05-06 05:11:00,sch_00013,child_035,to,wednesday,14:00,14:45,2026-05-05,2026-06-04,active
evt_sch_00016,I,2026-05-06 05:12:00,2026-05-06 05:13:00,sch_00014,child_054,to,thursday,08:30,09:30,2026-05-17,2026-06-16,cancelled
evt_sch_00017,I,2026-05-06 05:14:00,2026-05-06 05:15:00,sch_00015,child_064,psicoped,friday,09:30,11:00,2026-05-07,2026-06-06,active
evt_sch_00018,U,2026-05-06 05:16:00,2026-05-06 05:17:00,sch_00015,child_064,psicoped,friday,09:30,11:00,2026-05-07,2026-06-06,cancelled
evt_sch_00019,I,2026-05-06 05:18:00,2026-05-06 05:19:00,sch_00016,child_043,psicoped,thursday,11:00,12:30,2026-05-22,2026-07-21,cancelled
evt_sch_00020,I,2026-05-06 05:20:00,2026-05-06 05:21:00,sch_00017,child_077,fono,wednesday,11:00,13:00,2026-06-30,2026-07-30,active
evt_sch_00021,I,2026-05-06 05:22:00,2026-05-06 05:23:00,sch_00018,child_023,psico,wednesday,10:00,11:30,2026-06-06,2026-07-06,active
evt_sch_00022,I,2026-05-06 05:24:00,2026-05-06 05:25:00,sch_00019,child_036,psico,wednesday,08:30,10:30,2026-05-13,2026-06-12,active
evt_sch_00023,I,2026-05-06 05:26:00,2026-05-06 05:27:00,sch_00020,child_071,aba,saturday,14:00,14:45,2026-05-29,2026-07-13,cancelled
evt_sch_00024,U,2026-05-06 05:28:00,2026-05-06 05:29:00,sch_00020,child_071,aba,saturday,14:00,14:45,2026-05-29,2026-07-13,active
evt_sch_00025,I,2026-05-06 05:30:00,2026-05-06 05:31:00,sch_00021,child_053,psico,tuesday,10:00,10:45,2026-05-17,2026-06-16,cancelled
evt_sch_00026,I,2026-05-06 05:32:00,2026-05-06 05:33:00,sch_00022,child_049,aba,thursday,16:00,17:30,2026-06-07,2026-08-06,active
evt_sch_00027,I,2026-05-06 05:34:00,2026-05-06 05:35:00,sch_00023,child_054,psicoped,monday,11:00,13:00,2026-06-08,2026-06-22,active
evt_sch_00028,I,2026-05-06 05:36:00,2026-05-06 05:37:00,sch_00024,child_032,to,tuesday,16:00,16:30,2026-06-06,2026-08-05,paused
evt_sch_00029,I,2026-05-06 05:38:00,2026-05-06 05:39:00,sch_00025,child_043,psico,monday,08:00,08:30,2026-05-17,2026-06-16,active
evt_sch_00030,U,2026-05-06 05:40:00,2026-05-06 05:41:00,sch_00025,child_043,psico,monday,08:00,08:30,2026-05-17,2026-06-16,paused
evt_sch_00031,I,2026-05-06 05:42:00,2026-05-06 05:43:00,sch_00026,child_072,psicoped,saturday,16:00,16:45,2026-05-29,2026-07-13,active
evt_sch_00032,I,2026-05-06 05:44:00,2026-05-06 05:45:00,sch_00027,child_076,psicoped,tuesday,11:00,11:30,2026-05-31,2026-06-14,active
evt_sch_00033,I,2026-05-06 05:46:00,2026-05-06 05:47:00,sch_00028,child_011,aba,sunday,09:00,10:00,2026-05-20,2026-07-04,active
evt_sch_00034,I,2026-05-06 05:48:00,2026-05-06 05:49:00,sch_00029,child_027,psicoped,thursday,11:00,12:30,2026-05-07,2026-07-06,cancelled
evt_sch_00035,I,2026-05-06 05:50:00,2026-05-06 05:51:00,sch_00030,child_058,to,monday,10:00,10:30,2026-06-21,2026-07-05,active
evt_sch_00036,U,2026-05-06 05:52:00,2026-05-06 05:53:00,sch_00030,child_058,to,monday,10:00,10:30,2026-06-21,2026-07-05,cancelled
evt_sch_00037,I,2026-05-06 05:54:00,2026-05-06 05:55:00,sch_00031,child_014,fono,saturday,09:30,11:30,2026-05-12,2026-06-11,active
evt_sch_00038,I,2026-05-06 05:56:00,2026-05-06 05:57:00,sch_00032,child_055,psico,tuesday,13:00,13:45,2026-05-12,2026-07-11,active
evt_sch_00039,I,2026-05-06 05:58:00,2026-05-06 05:59:00,sch_00033,child_079,fono,thursday,16:00,17:30,2026-05-25,2026-06-08,cancelled
evt_sch_00040,I,2026-05-06 06:00:00,2026-05-06 06:01:00,sch_00034,child_027,to,sunday,08:30,10:30,2026-05-07,2026-06-06,active
evt_sch_00041,I,2026-05-06 06:02:00,2026-05-06 06:03:00,sch_00035,child_026,psico,monday,10:00,11:30,2026-06-03,2026-07-18,active
evt_sch_00042,U,2026-05-06 06:04:00,2026-05-06 06:05:00,sch_00035,child_026,psico,monday,10:00,11:30,2026-06-03,2026-07-18,paused
evt_sch_00043,I,2026-05-06 06:06:00,2026-05-06 06:07:00,sch_00036,child_051,psicoped,monday,11:00,12:00,2026-06-24,2026-08-23,active
evt_sch_00044,I,2026-05-06 06:08:00,2026-05-06 06:09:00,sch_00037,child_039,psicoped,friday,08:30,09:15,2026-05-21,2026-06-04,active
evt_sch_00045,I,2026-05-06 06:10:00,2026-05-06 06:11:00,sch_00038,child_015,fono,wednesday,09:00,11:00,2026-05-25,2026-07-24,active
evt_sch_00046,I,2026-05-06 06:12:00,2026-05-06 06:13:00,sch_00039,child_074,psico,thursday,09:00,10:30,2026-06-10,2026-07-10,active
evt_sch_00047,I,2026-05-06 06:14:00,2026-05-06 06:15:00,sch_00040,child_063,to,tuesday,09:00,10:00,2026-06-23,2026-08-22,active
evt_sch_00048,U,2026-05-06 06:16:00,2026-05-06 06:17:00,sch_00040,child_063,to,tuesday,09:00,10:00,2026-06-23,2026-08-22,cancelled
evt_sch_00049,I,2026-05-06 06:18:00,2026-05-06 06:19:00,sch_00041,child_002,psico,tuesday,09:30,11:00,2026-06-05,2026-08-04,active
evt_sch_00050,D,2026-05-06 06:20:00,2026-05-06 06:21:00,sch_00041,child_002,psico,tuesday,09:30,11:00,2026-06-05,2026-08-04,cancelled
evt_sch_00051,I,2026-05-06 06:22:00,2026-05-06 06:23:00,sch_00042,child_063,psico,saturday,14:00,15:30,2026-05-11,2026-05-25,active
evt_sch_00052,I,2026-05-06 06:24:00,2026-05-06 06:25:00,sch_00043,child_029,to,monday,10:00,10:45,2026-06-04,2026-07-19,active
evt_sch_00053,I,2026-05-06 06:26:00,2026-05-06 06:27:00,sch_00044,child_059,psicoped,saturday,14:00,16:00,2026-06-02,2026-06-16,active
evt_sch_00054,I,2026-05-06 06:28:00,2026-05-06 06:29:00,sch_00045,child_035,psicoped,sunday,11:00,13:00,2026-06-22,2026-07-06,cancelled
evt_sch_00055,U,2026-05-06 06:30:00,2026-05-06 06:31:00,sch_00045,child_035,psicoped,sunday,11:00,13:00,2026-06-22,2026-07-06,cancelled
evt_sch_00056,I,2026-05-06 06:32:00,2026-05-06 06:33:00,sch_00046,child_070,fono,thursday,08:30,09:15,2026-05-20,2026-06-03,active
evt_sch_00057,I,2026-05-06 06:34:00,2026-05-06 06:35:00,sch_00047,child_045,aba,thursday,08:30,09:15,2026-05-14,2026-06-28,paused
evt_sch_00058,I,2026-05-06 06:36:00,2026-05-06 06:37:00,sch_00048,child_079,psico,tuesday,16:00,16:45,2026-06-20,2026-07-20,cancelled
evt_sch_00059,I,2026-05-06 06:38:00,2026-05-06 06:39:00,sch_00049,child_008,psicoped,wednesday,15:00,16:00,2026-06-08,2026-07-08,active
evt_sch_00060,I,2026-05-06 06:40:00,2026-05-06 06:41:00,sch_00050,child_038,to,friday,10:00,12:00,2026-06-27,2026-07-11,active
evt_sch_00061,U,2026-05-06 06:42:00,2026-05-06 06:43:00,sch_00050,child_038,to,friday,10:00,12:00,2026-06-27,2026-07-11,cancelled
evt_sch_00062,I,2026-05-06 06:44:00,2026-05-06 06:45:00,sch_00051,child_008,to,sunday,09:00,09:45,2026-05-16,2026-06-15,cancelled
evt_sch_00063,I,2026-05-06 06:46:00,2026-05-06 06:47:00,sch_00052,child_032,psico,thursday,09:00,11:00,2026-06-10,2026-07-25,active
evt_sch_00064,I,2026-05-06 06:48:00,2026-05-06 06:49:00,sch_00053,child_049,psico,monday,08:30,10:00,2026-06-02,2026-07-17,active
evt_sch_00065,I,2026-05-06 06:50:00,2026-05-06 06:51:00,sch_00054,child_048,psico,thursday,11:00,13:00,2026-05-01,2026-05-15,cancelled
evt_sch_00066,I,2026-05-06 06:52:00,2026-05-06 06:53:00,sch_00055,child_059,to,sunday,08:30,10:30,2026-05-26,2026-06-25,paused
evt_sch_00067,U,2026-05-06 06:54:00,2026-05-06 06:55:00,sch_00055,child_059,to,sunday,08:30,10:30,2026-05-26,2026-06-25,active
evt_sch_00068,I,2026-05-06 06:56:00,2026-05-06 06:57:00,sch_00056,child_064,to,wednesday,10:00,11:00,2026-06-05,2026-07-05,active
evt_sch_00069,I,2026-05-06 06:58:00,2026-05-06 06:59:00,sch_00057,child_063,to,saturday,08:00,08:30,2026-05-07,2026-07-06,active
evt_sch_00070,I,2026-05-06 07:00:00,2026-05-06 07:01:00,sch_00058,child_021,psico,thursday,08:00,09:30,2026-05-13,2026-06-12,paused
evt_sch_00071,I,2026-05-06 07:02:00,2026-05-06 07:03:00,sch_00059,child_039,fono,sunday,10:00,10:30,2026-06-11,2026-07-26,active
evt_sch_00072,I,2026-05-06 07:04:00,2026-05-06 07:05:00,sch_00060,child_048,fono,monday,13:00,14:00,2026-06-16,2026-07-16,active
evt_sch_00073,U,2026-05-06 07:06:00,2026-05-06 07:07:00,sch_00060,child_048,fono,monday,13:00,14:00,2026-06-16,2026-07-16,active
evt_sch_00074,I,2026-05-06 07:08:00,2026-05-06 07:09:00,sch_00061,child_013,aba,tuesday,14:00,14:30,2026-05-09,2026-06-08,active
evt_sch_00075,I,2026-05-06 07:10:00,2026-05-06 07:11:00,sch_00062,child_057,aba,monday,11:00,11:30,2026-06-25,2026-08-24,active
evt_sch_00076,I,2026-05-06 07:12:00,2026-05-06 07:13:00,sch_00063,child_062,aba,tuesday,13:00,13:30,2026-06-16,2026-06-30,active
evt_sch_00077,I,2026-05-06 07:14:00,2026-05-06 07:15:00,sch_00064,child_048,to,tuesday,13:00,13:45,2026-06-11,2026-07-11,active
evt_sch_00078,I,2026-05-06 07:16:00,2026-05-06 07:17:00,sch_00065,child_073,aba,friday,09:00,10:30,2026-05-23,2026-06-22,active
evt_sch_00079,U,2026-05-06 07:18:00,2026-05-06 07:19:00,sch_00065,child_073,aba,friday,09:00,10:30,2026-05-23,2026-06-22,active
evt_sch_00080,I,2026-05-06 07:20:00,2026-05-06 07:21:00,sch_00066,child_053,psicoped,saturday,14:00,14:45,2026-05-06,2026-05-20,active
evt_sch_00081,I,2026-05-06 07:22:00,2026-05-06 07:23:00,sch_00067,child_016,psicoped,saturday,13:00,14:00,2026-05-28,2026-07-12,cancelled
evt_sch_00082,I,2026-05-06 07:24:00,2026-05-06 07:25:00,sch_00068,child_032,to,saturday,08:30,09:15,2026-06-05,2026-07-20,cancelled
evt_sch_00083,I,2026-05-06 07:26:00,2026-05-06 07:27:00,sch_00069,child_004,to,tuesday,15:00,17:00,2026-06-02,2026-07-02,cancelled
evt_sch_00084,I,2026-05-06 07:28:00,2026-05-06 07:29:00,sch_00070,child_038,aba,sunday,09:30,11:00,2026-05-25,2026-06-08,active
evt_sch_00085,U,2026-05-06 07:30:00,2026-05-06 07:31:00,sch_00070,child_038,aba,sunday,09:30,11:00,2026-05-25,2026-06-08,paused
evt_sch_00086,I,2026-05-06 07:32:00,2026-05-06 07:33:00,sch_00071,child_077,aba,friday,08:00,09:00,2026-06-29,2026-08-13,active
evt_sch_00087,I,2026-05-06 07:34:00,2026-05-06 07:35:00,sch_00072,child_073,psico,wednesday,15:00,15:45,2026-06-18,2026-08-17,paused
evt_sch_00088,I,2026-05-06 07:36:00,2026-05-06 07:37:00,sch_00073,child_010,aba,friday,08:30,09:00,2026-05-17,2026-06-16,active
evt_sch_00089,I,2026-05-06 07:38:00,2026-05-06 07:39:00,sch_00074,child_008,psico,friday,10:00,12:00,2026-06-19,2026-08-18,active
evt_sch_00090,I,2026-05-06 07:40:00,2026-05-06 07:41:00,sch_00075,child_052,aba,saturday,15:00,17:00,2026-06-09,2026-07-09,active
evt_sch_00091,U,2026-05-06 07:42:00,2026-05-06 07:43:00,sch_00075,child_052,aba,saturday,15:00,17:00,2026-06-09,2026-07-09,cancelled
evt_sch_00092,I,2026-05-06 07:44:00,2026-05-06 07:45:00,sch_00076,child_011,psicoped,tuesday,09:00,11:00,2026-05-21,2026-07-20,active
evt_sch_00093,I,2026-05-06 07:46:00,2026-05-06 07:47:00,sch_00077,child_009,to,saturday,13:00,13:45,2026-05-04,2026-06-03,active
evt_sch_00094,I,2026-05-06 07:48:00,2026-05-06 07:49:00,sch_00078,child_056,aba,thursday,16:00,18:00,2026-05-04,2026-06-18,active
evt_sch_00095,I,2026-05-06 07:50:00,2026-05-06 07:51:00,sch_00079,child_023,aba,monday,09:00,09:30,2026-05-11,2026-07-10,paused
evt_sch_00096,I,2026-05-06 07:52:00,2026-05-06 07:53:00,sch_00080,child_067,psicoped,sunday,10:00,10:45,2026-05-24,2026-06-23,cancelled
evt_sch_00097,U,2026-05-06 07:54:00,2026-05-06 07:55:00,sch_00080,child_067,psicoped,sunday,10:00,10:45,2026-05-24,2026-06-23,cancelled
evt_sch_00098,I,2026-05-06 07:56:00,2026-05-06 07:57:00,sch_00081,child_016,aba,wednesday,13:00,14:00,2026-06-03,2026-06-17,active
evt_sch_00099,I,2026-05-06 07:58:00,2026-05-06 07:59:00,sch_00082,child_074,aba,thursday,14:00,16:00,2026-05-24,2026-06-07,active
evt_sch_00100,D,2026-05-06 08:00:00,2026-05-06 08:01:00,sch_00082,child_074,aba,thursday,14:00,16:00,2026-05-24,2026-06-07,cancelled
evt_sch_00101,I,2026-05-06 08:02:00,2026-05-06 08:03:00,sch_00083,child_073,fono,wednesday,09:00,10:00,2026-06-19,2026-07-03,paused
evt_sch_00102,I,2026-05-06 08:04:00,2026-05-06 08:05:00,sch_00084,child_015,fono,saturday,15:00,15:30,2026-05-03,2026-05-17,active
evt_sch_00103,I,2026-05-06 08:06:00,2026-05-06 08:07:00,sch_00085,child_061,to,thursday,09:00,09:45,2026-06-29,2026-07-13,active
evt_sch_00104,U,2026-05-06 08:08:00,2026-05-06 08:09:00,sch_00085,child_061,to,thursday,09:00,09:45,2026-06-29,2026-07-13,paused
evt_sch_00105,I,2026-05-06 08:10:00,2026-05-06 08:11:00,sch_00086,child_054,fono,wednesday,09:30,11:00,2026-06-28,2026-08-12,active
evt_sch_00106,I,2026-05-06 08:12:00,2026-05-06 08:13:00,sch_00087,child_010,psicoped,wednesday,08:30,10:30,2026-06-13,2026-06-27,active
evt_sch_00107,I,2026-05-06 08:14:00,2026-05-06 08:15:00,sch_00088,child_067,aba,thursday,08:30,10:00,2026-06-25,2026-08-09,cancelled
evt_sch_00108,I,2026-05-06 08:16:00,2026-05-06 08:17:00,sch_00089,child_040,to,monday,15:00,16:30,2026-05-01,2026-06-15,active
evt_sch_00109,I,2026-05-06 08:18:00,2026-05-06 08:19:00,sch_00090,child_073,to,saturday,16:00,16:45,2026-05-30,2026-07-14,active
evt_sch_00110,U,2026-05-06 08:20:00,2026-05-06 08:21:00,sch_00090,child_073,to,saturday,16:00,16:45,2026-05-30,2026-07-14,cancelled
evt_sch_00111,I,2026-05-06 08:22:00,2026-05-06 08:23:00,sch_00091,child_026,psicoped,sunday,09:30,10:15,2026-05-01,2026-06-30,active
evt_sch_00112,I,2026-05-06 08:24:00,2026-05-06 08:25:00,sch_00092,child_070,to,saturday,08:00,09:00,2026-05-01,2026-06-30,cancelled
evt_sch_00113,I,2026-05-06 08:26:00,2026-05-06 08:27:00,sch_00093,child_040,aba,tuesday,15:00,15:45,2026-05-27,2026-07-26,paused
evt_sch_00114,I,2026-05-06 08:28:00,2026-05-06 08:29:00,sch_00094,child_019,to,monday,08:00,08:45,2026-06-27,2026-08-26,cancelled
evt_sch_00115,I,2026-05-06 08:30:00,2026-05-06 08:31:00,sch_00095,child_048,psico,saturday,08:30,10:30,2026-05-07,2026-06-06,active
evt_sch_00116,U,2026-05-06 08:32:00,2026-05-06 08:33:00,sch_00095,child_048,psico,saturday,08:30,10:30,2026-05-07,2026-06-06,cancelled
evt_sch_00117,I,2026-05-06 08:34:00,2026-05-06 08:35:00,sch_00096,child_010,psicoped,friday,08:00,09:30,2026-06-12,2026-07-12,active
evt_sch_00118,I,2026-05-06 08:36:00,2026-05-06 08:37:00,sch_00097,child_034,to,sunday,13:00,14:00,2026-05-21,2026-07-20,active
evt_sch_00119,I,2026-05-06 08:38:00,2026-05-06 08:39:00,sch_00098,child_010,fono,tuesday,16:00,16:30,2026-05-10,2026-05-24,active
evt_sch_00120,I,2026-05-06 08:40:00,2026-05-06 08:41:00,sch_00099,child_060,to,thursday,08:30,10:30,2026-05-23,2026-06-22,active
evt_sch_00121,I,2026-05-06 08:42:00,2026-05-06 08:43:00,sch_00100,child_060,to,sunday,08:30,09:00,2026-05-11,2026-06-25,cancelled
evt_sch_00122,U,2026-05-06 08:44:00,2026-05-06 08:45:00,sch_00100,child_060,to,sunday,08:30,09:00,2026-05-11,2026-06-25,paused
evt_sch_00123,I,2026-05-06 08:46:00,2026-05-06 08:47:00,sch_00101,child_078,aba,tuesday,11:00,11:45,2026-05-06,2026-06-05,paused
evt_sch_00124,I,2026-05-06 08:48:00,2026-05-06 08:49:00,sch_00102,child_051,psicoped,monday,10:00,11:00,2026-06-22,2026-07-22,active
evt_sch_00125,I,2026-05-06 08:50:00,2026-05-06 08:51:00,sch_00103,child_052,psico,friday,15:00,15:45,2026-05-07,2026-07-06,active
evt_sch_00126,I,2026-05-06 08:52:00,2026-05-06 08:53:00,sch_00104,child_018,aba,monday,08:00,08:45,2026-05-09,2026-06-08,cancelled
evt_sch_00127,I,2026-05-06 08:54:00,2026-05-06 08:55:00,sch_00105,child_048,aba,friday,16:00,17:00,2026-06-28,2026-07-12,active
evt_sch_00128,U,2026-05-06 08:56:00,2026-05-06 08:57:00,sch_00105,child_048,aba,friday,16:00,17:00,2026-06-28,2026-07-12,active
evt_sch_00129,I,2026-05-06 08:58:00,2026-05-06 08:59:00,sch_00106,child_026,psico,sunday,09:00,09:30,2026-06-27,2026-08-11,active
evt_sch_00130,I,2026-05-06 09:00:00,2026-05-06 09:01:00,sch_00107,child_060,aba,tuesday,16:00,17:30,2026-06-22,2026-08-21,active
evt_sch_00131,I,2026-05-06 09:02:00,2026-05-06 09:03:00,sch_00108,child_049,psico,tuesday,11:00,11:45,2026-06-28,2026-07-28,active
evt_sch_00132,I,2026-05-06 09:04:00,2026-05-06 09:05:00,sch_00109,child_058,fono,monday,16:00,18:00,2026-06-09,2026-07-09,active
evt_sch_00133,I,2026-05-06 09:06:00,2026-05-06 09:07:00,sch_00110,child_064,psico,friday,14:00,14:30,2026-05-06,2026-06-20,active
evt_sch_00134,U,2026-05-06 09:08:00,2026-05-06 09:09:00,sch_00110,child_064,psico,friday,14:00,14:30,2026-05-06,2026-06-20,cancelled
evt_sch_00135,I,2026-05-06 09:10:00,2026-05-06 09:11:00,sch_00111,child_026,psicoped,tuesday,15:00,15:30,2026-05-25,2026-07-09,active
evt_sch_00136,I,2026-05-06 09:12:00,2026-05-06 09:13:00,sch_00112,child_063,to,friday,15:00,16:00,2026-05-25,2026-07-09,active
evt_sch_00137,I,2026-05-06 09:14:00,2026-05-06 09:15:00,sch_00113,child_041,psicoped,tuesday,08:00,09:00,2026-05-04,2026-07-03,active
evt_sch_00138,I,2026-05-06 09:16:00,2026-05-06 09:17:00,sch_00114,child_075,fono,tuesday,08:30,09:15,2026-06-12,2026-07-12,active
evt_sch_00139,I,2026-05-06 09:18:00,2026-05-06 09:19:00,sch_00115,child_008,fono,friday,13:00,14:00,2026-06-29,2026-07-29,active
evt_sch_00140,U,2026-05-06 09:20:00,2026-05-06 09:21:00,sch_00115,child_008,fono,friday,13:00,14:00,2026-06-29,2026-07-29,paused
evt_sch_00141,I,2026-05-06 09:22:00,2026-05-06 09:23:00,sch_00116,child_041,to,friday,08:00,09:00,2026-06-30,2026-07-30,active
evt_sch_00142,I,2026-05-06 09:24:00,2026-05-06 09:25:00,sch_00117,child_025,psico,friday,10:00,10:45,2026-06-01,2026-06-15,active
evt_sch_00143,I,2026-05-06 09:26:00,2026-05-06 09:27:00,sch_00118,child_030,psicoped,tuesday,08:00,10:00,2026-05-31,2026-06-14,active
evt_sch_00144,I,2026-05-06 09:28:00,2026-05-06 09:29:00,sch_00119,child_079,fono,sunday,09:00,10:00,2026-06-15,2026-07-15,paused
evt_sch_00145,I,2026-05-06 09:30:00,2026-05-06 09:31:00,sch_00120,child_042,aba,monday,09:00,11:00,2026-06-15,2026-07-15,cancelled
evt_sch_00146,U,2026-05-06 09:32:00,2026-05-06 09:33:00,sch_00120,child_042,aba,monday,09:00,11:00,2026-06-15,2026-07-15,paused
evt_sch_00147,I,2026-05-06 09:34:00,2026-05-06 09:35:00,sch_00121,child_047,aba,wednesday,13:00,15:00,2026-05-07,2026-06-21,active
evt_sch_00148,I,2026-05-06 09:36:00,2026-05-06 09:37:00,sch_00122,child_018,fono,saturday,13:00,14:30,2026-06-11,2026-07-26,active
evt_sch_00149,I,2026-05-06 09:38:00,2026-05-06 09:39:00,sch_00123,child_072,psicoped,sunday,11:00,11:45,2026-06-12,2026-07-12,active
evt_sch_00150,D,2026-05-06 09:40:00,2026-05-06 09:41:00,sch_00123,child_072,psicoped,sunday,11:00,11:45,2026-06-12,2026-07-12,cancelled
evt_sch_00151,I,2026-05-06 09:42:00,2026-05-06 09:43:00,sch_00124,child_038,fono,tuesday,08:00,10:00,2026-05-26,2026-06-09,active
evt_sch_00152,I,2026-05-06 09:44:00,2026-05-06 09:45:00,sch_00125,child_041,psicoped,tuesday,16:00,16:30,2026-06-29,2026-08-28,active
evt_sch_00153,U,2026-05-06 09:46:00,2026-05-06 09:47:00,sch_00125,child_041,psicoped,tuesday,16:00,16:30,2026-06-29,2026-08-28,paused
evt_sch_00154,I,2026-05-06 09:48:00,2026-05-06 09:49:00,sch_00126,child_010,fono,wednesday,11:00,11:45,2026-06-10,2026-06-24,cancelled
evt_sch_00155,I,2026-05-06 09:50:00,2026-05-06 09:51:00,sch_00127,child_043,psico,monday,10:00,10:45,2026-05-16,2026-05-30,active
evt_sch_00156,I,2026-05-06 09:52:00,2026-05-06 09:53:00,sch_00128,child_014,aba,monday,13:00,14:30,2026-06-16,2026-08-15,paused
evt_sch_00157,I,2026-05-06 09:54:00,2026-05-06 09:55:00,sch_00129,child_053,psico,thursday,11:00,13:00,2026-05-25,2026-06-08,cancelled
evt_sch_00158,I,2026-05-06 09:56:00,2026-05-06 09:57:00,sch_00130,child_074,fono,tuesday,14:00,14:30,2026-06-21,2026-07-05,active
evt_sch_00159,U,2026-05-06 09:58:00,2026-05-06 09:59:00,sch_00130,child_074,fono,tuesday,14:00,14:30,2026-06-21,2026-07-05,cancelled
evt_sch_00160,I,2026-05-06 10:00:00,2026-05-06 10:01:00,sch_00131,child_034,aba,monday,11:00,11:45,2026-06-26,2026-08-25,active
evt_sch_00161,I,2026-05-06 10:02:00,2026-05-06 10:03:00,sch_00132,child_010,psicoped,monday,11:00,13:00,2026-06-09,2026-08-08,cancelled
evt_sch_00162,I,2026-05-06 10:04:00,2026-05-06 10:05:00,sch_00133,child_056,fono,friday,13:00,13:45,2026-05-04,2026-05-18,active
evt_sch_00163,I,2026-05-06 10:06:00,2026-05-06 10:07:00,sch_00134,child_025,psico,saturday,15:00,17:00,2026-05-17,2026-07-01,active
evt_sch_00164,I,2026-05-06 10:08:00,2026-05-06 10:09:00,sch_00135,child_013,aba,thursday,16:00,18:00,2026-06-23,2026-08-22,active
evt_sch_00165,U,2026-05-06 10:10:00,2026-05-06 10:11:00,sch_00135,child_013,aba,thursday,16:00,18:00,2026-06-23,2026-08-22,cancelled
evt_sch_00166,I,2026-05-06 10:12:00,2026-05-06 10:13:00,sch_00136,child_001,psico,monday,10:00,12:00,2026-05-31,2026-06-30,active
evt_sch_00167,I,2026-05-06 10:14:00,2026-05-06 10:15:00,sch_00137,child_027,fono,saturday,10:00,10:30,2026-05-31,2026-06-14,active
evt_sch_00168,I,2026-05-06 10:16:00,2026-05-06 10:17:00,sch_00138,child_051,psico,thursday,10:00,10:30,2026-06-11,2026-08-10,active
evt_sch_00169,I,2026-05-06 10:18:00,2026-05-06 10:19:00,sch_00139,child_049,to,tuesday,14:00,14:30,2026-05-17,2026-07-16,active
evt_sch_00170,I,2026-05-06 10:20:00,2026-05-06 10:21:00,sch_00140,child_029,to,friday,08:00,08:45,2026-06-18,2026-07-02,active
evt_sch_00171,U,2026-05-06 10:22:00,2026-05-06 10:23:00,sch_00140,child_029,to,friday,08:00,08:45,2026-06-18,2026-07-02,cancelled
evt_sch_00172,I,2026-05-06 10:24:00,2026-05-06 10:25:00,sch_00141,child_070,psico,sunday,16:00,16:45,2026-06-05,2026-06-19,cancelled
evt_sch_00173,I,2026-05-06 10:26:00,2026-05-06 10:27:00,sch_00142,child_067,psico,friday,14:00,16:00,2026-06-26,2026-07-26,active
evt_sch_00174,I,2026-05-06 10:28:00,2026-05-06 10:29:00,sch_00143,child_011,psico,sunday,08:00,10:00,2026-06-06,2026-07-06,active
evt_sch_00175,I,2026-05-06 10:30:00,2026-05-06 10:31:00,sch_00144,child_058,fono,tuesday,09:30,10:15,2026-05-09,2026-05-23,active
evt_sch_00176,I,2026-05-06 10:32:00,2026-05-06 10:33:00,sch_00145,child_056,fono,sunday,09:00,11:00,2026-05-17,2026-07-01,paused
evt_sch_00177,U,2026-05-06 10:34:00,2026-05-06 10:35:00,sch_00145,child_056,fono,sunday,09:00,11:00,2026-05-17,2026-07-01,active
evt_sch_00178,I,2026-05-06 10:36:00,2026-05-06 10:37:00,sch_00146,child_012,psico,friday,13:00,15:00,2026-05-21,2026-07-05,active
evt_sch_00179,I,2026-05-06 10:38:00,2026-05-06 10:39:00,sch_00147,child_002,psicoped,friday,15:00,16:30,2026-05-08,2026-07-07,active
evt_sch_00180,I,2026-05-06 10:40:00,2026-05-06 10:41:00,sch_00148,child_073,psicoped,friday,08:30,09:00,2026-06-06,2026-06-20,cancelled
evt_sch_00181,I,2026-05-06 10:42:00,2026-05-06 10:43:00,sch_00149,child_069,to,thursday,10:00,11:30,2026-06-11,2026-08-10,active
evt_sch_00182,I,2026-05-06 10:44:00,2026-05-06 10:45:00,sch_00150,child_061,aba,tuesday,10:00,11:30,2026-05-10,2026-07-09,active
evt_sch_00183,U,2026-05-06 10:46:00,2026-05-06 10:47:00,sch_00150,child_061,aba,tuesday,10:00,11:30,2026-05-10,2026-07-09,cancelled
evt_sch_00184,I,2026-05-06 10:48:00,2026-05-06 10:49:00,sch_00151,child_031,aba,saturday,14:00,15:00,2026-06-27,2026-08-11,active
evt_sch_00185,I,2026-05-06 10:50:00,2026-05-06 10:51:00,sch_00152,child_039,to,wednesday,14:00,14:30,2026-06-25,2026-07-25,active
evt_sch_00186,I,2026-05-06 10:52:00,2026-05-06 10:53:00,sch_00153,child_057,to,wednesday,13:00,15:00,2026-06-11,2026-06-25,active
evt_sch_00187,I,2026-05-06 10:54:00,2026-05-06 10:55:00,sch_00154,child_028,psico,saturday,14:00,16:00,2026-06-25,2026-08-09,cancelled
evt_sch_00188,I,2026-05-06 10:56:00,2026-05-06 10:57:00,sch_00155,child_066,fono,monday,10:00,12:00,2026-05-26,2026-06-25,cancelled
evt_sch_00189,U,2026-05-06 10:58:00,2026-05-06 10:59:00,sch_00155,child_066,fono,monday,10:00,12:00,2026-05-26,2026-06-25,paused
evt_sch_00190,I,2026-05-06 11:00:00,2026-05-06 11:01:00,sch_00156,child_073,aba,tuesday,09:30,10:15,2026-06-23,2026-07-07,active
evt_sch_00191,I,2026-05-06 11:02:00,2026-05-06 11:03:00,sch_00157,child_059,aba,wednesday,09:30,10:30,2026-05-24,2026-07-23,active
evt_sch_00192,I,2026-05-06 11:04:00,2026-05-06 11:05:00,sch_00158,child_016,aba,tuesday,11:00,12:30,2026-06-08,2026-08-07,active
evt_sch_00193,I,2026-05-06 11:06:00,2026-05-06 11:07:00,sch_00159,child_061,psicoped,friday,11:00,12:00,2026-05-11,2026-06-25,cancelled
evt_sch_00194,I,2026-05-06 11:08:00,2026-05-06 11:09:00,sch_00160,child_012,to,monday,13:00,13:30,2026-05-11,2026-06-10,paused
evt_sch_00195,U,2026-05-06 11:10:00,2026-05-06 11:11:00,sch_00160,child_012,to,monday,13:00,13:30,2026-05-11,2026-06-10,paused
evt_sch_00196,I,2026-05-06 11:12:00,2026-05-06 11:13:00,sch_00161,child_029,fono,wednesday,13:00,15:00,2026-05-02,2026-05-16,active
evt_sch_00197,I,2026-05-06 11:14:00,2026-05-06 11:15:00,sch_00162,child_017,fono,friday,08:00,08:45,2026-05-17,2026-07-01,cancelled
evt_sch_00198,I,2026-05-06 11:16:00,2026-05-06 11:17:00,sch_00163,child_036,psico,thursday,11:00,12:30,2026-05-17,2026-06-16,active
evt_sch_00199,I,2026-05-06 11:18:00,2026-05-06 11:19:00,sch_00164,child_067,psicoped,thursday,16:00,16:30,2026-05-01,2026-06-15,active
evt_sch_00200,D,2026-05-06 11:20:00,2026-05-06 11:21:00,sch_00164,child_067,psicoped,thursday,16:00,16:30,2026-05-01,2026-06-15,cancelled
evt_sch_00201,I,2026-05-06 11:22:00,2026-05-06 11:23:00,sch_00165,child_077,psicoped,wednesday,10:00,10:30,2026-05-31,2026-06-14,active
evt_sch_00202,U,2026-05-06 11:24:00,2026-05-06 11:25:00,sch_00165,child_077,psicoped,wednesday,10:00,10:30,2026-05-31,2026-06-14,cancelled
evt_sch_00203,I,2026-05-06 11:26:00,2026-05-06 11:27:00,sch_00166,child_042,to,wednesday,10:00,10:45,2026-05-10,2026-06-09,paused
evt_sch_00204,I,2026-05-06 11:28:00,2026-05-06 11:29:00,sch_00167,child_077,psico,saturday,11:00,11:45,2026-06-16,2026-06-30,active
evt_sch_00205,I,2026-05-06 11:30:00,2026-05-06 11:31:00,sch_00168,child_038,to,thursday,13:00,14:30,2026-06-17,2026-07-01,active
evt_sch_00206,I,2026-05-06 11:32:00,2026-05-06 11:33:00,sch_00169,child_074,fono,wednesday,09:30,11:30,2026-06-10,2026-08-09,paused
evt_sch_00207,I,2026-05-06 11:34:00,2026-05-06 11:35:00,sch_00170,child_046,psicoped,wednesday,09:00,11:00,2026-05-12,2026-06-26,active
evt_sch_00208,U,2026-05-06 11:36:00,2026-05-06 11:37:00,sch_00170,child_046,psicoped,wednesday,09:00,11:00,2026-05-12,2026-06-26,active
evt_sch_00209,I,2026-05-06 11:38:00,2026-05-06 11:39:00,sch_00171,child_034,psicoped,sunday,09:00,10:00,2026-06-11,2026-06-25,active
evt_sch_00210,I,2026-05-06 11:40:00,2026-05-06 11:41:00,sch_00172,child_029,to,thursday,11:00,12:00,2026-05-17,2026-07-01,active
evt_sch_00211,I,2026-05-06 11:42:00,2026-05-06 11:43:00,sch_00173,child_016,psico,monday,16:00,18:00,2026-06-30,2026-07-14,active
evt_sch_00212,I,2026-05-06 11:44:00,2026-05-06 11:45:00,sch_00174,child_025,psicoped,monday,13:00,15:00,2026-05-20,2026-07-19,active
evt_sch_00213,I,2026-05-06 11:46:00,2026-05-06 11:47:00,sch_00175,child_020,fono,tuesday,11:00,12:30,2026-06-06,2026-08-05,active
evt_sch_00214,U,2026-05-06 11:48:00,2026-05-06 11:49:00,sch_00175,child_020,fono,tuesday,11:00,12:30,2026-06-06,2026-08-05,paused
evt_sch_00215,I,2026-05-06 11:50:00,2026-05-06 11:51:00,sch_00176,child_024,aba,thursday,11:00,11:45,2026-05-21,2026-06-04,active
evt_sch_00216,I,2026-05-06 11:52:00,2026-05-06 11:53:00,sch_00177,child_036,fono,sunday,09:00,11:00,2026-06-18,2026-07-18,active
evt_sch_00217,I,2026-05-06 11:54:00,2026-05-06 11:55:00,sch_00178,child_012,fono,friday,13:00,14:30,2026-05-26,2026-07-25,paused
evt_sch_00218,I,2026-05-06 11:56:00,2026-05-06 11:57:00,sch_00179,child_050,aba,monday,15:00,15:45,2026-06-16,2026-07-31,paused
evt_sch_00219,I,2026-05-06 11:58:00,2026-05-06 11:59:00,sch_00180,child_042,psicoped,tuesday,08:00,08:30,2026-06-10,2026-07-10,active
evt_sch_00220,U,2026-05-06 12:00:00,2026-05-06 12:01:00,sch_00180,child_042,psicoped,tuesday,08:00,08:30,2026-06-10,2026-07-10,cancelled
evt_sch_00221,I,2026-05-06 12:02:00,2026-05-06 12:03:00,sch_00181,child_040,fono,monday,13:00,15:00,2026-06-07,2026-07-22,active
evt_sch_00222,I,2026-05-06 12:04:00,2026-05-06 12:05:00,sch_00182,child_006,to,wednesday,14:00,16:00,2026-06-08,2026-07-23,active
evt_sch_00223,I,2026-05-06 12:06:00,2026-05-06 12:07:00,sch_00183,child_018,to,thursday,11:00,11:45,2026-05-11,2026-07-10,active
evt_sch_00224,I,2026-05-06 12:08:00,2026-05-06 12:09:00,sch_00184,child_029,fono,tuesday,08:00,10:00,2026-06-02,2026-07-02,active
evt_sch_00225,I,2026-05-06 12:10:00,2026-05-06 12:11:00,sch_00185,child_005,psico,saturday,10:00,12:00,2026-06-09,2026-06-23,active
evt_sch_00226,U,2026-05-06 12:12:00,2026-05-06 12:13:00,sch_00185,child_005,psico,saturday,10:00,12:00,2026-06-09,2026-06-23,active
evt_sch_00227,I,2026-05-06 12:14:00,2026-05-06 12:15:00,sch_00186,child_014,aba,monday,08:30,10:00,2026-05-29,2026-07-28,active
evt_sch_00228,I,2026-05-06 12:16:00,2026-05-06 12:17:00,sch_00187,child_033,psico,saturday,09:00,09:45,2026-06-14,2026-06-28,active
evt_sch_00229,I,2026-05-06 12:18:00,2026-05-06 12:19:00,sch_00188,child_013,psicoped,wednesday,16:00,18:00,2026-06-14,2026-07-14,active
evt_sch_00230,I,2026-05-06 12:20:00,2026-05-06 12:21:00,sch_00189,child_014,psicoped,saturday,16:00,16:30,2026-05-19,2026-06-02,cancelled
evt_sch_00231,I,2026-05-06 12:22:00,2026-05-06 12:23:00,sch_00190,child_064,fono,friday,09:30,10:30,2026-06-23,2026-07-23,active
evt_sch_00232,U,2026-05-06 12:24:00,2026-05-06 12:25:00,sch_00190,child_064,fono,friday,09:30,10:30,2026-06-23,2026-07-23,cancelled
evt_sch_00233,I,2026-05-06 12:26:00,2026-05-06 12:27:00,sch_00191,child_038,fono,monday,15:00,16:30,2026-06-28,2026-07-28,active
evt_sch_00234,I,2026-05-06 12:28:00,2026-05-06 12:29:00,sch_00192,child_062,to,tuesday,08:00,08:30,2026-06-12,2026-06-26,paused
evt_sch_00235,I,2026-05-06 12:30:00,2026-05-06 12:31:00,sch_00193,child_074,psico,tuesday,08:30,10:30,2026-05-05,2026-05-19,paused
evt_sch_00236,I,2026-05-06 12:32:00,2026-05-06 12:33:00,sch_00194,child_030,psico,wednesday,10:00,11:30,2026-05-04,2026-05-18,cancelled
evt_sch_00237,I,2026-05-06 12:34:00,2026-05-06 12:35:00,sch_00195,child_006,to,wednesday,11:00,12:30,2026-06-17,2026-07-01,active
evt_sch_00238,U,2026-05-06 12:36:00,2026-05-06 12:37:00,sch_00195,child_006,to,wednesday,11:00,12:30,2026-06-17,2026-07-01,active
evt_sch_00239,I,2026-05-06 12:38:00,2026-05-06 12:39:00,sch_00196,child_002,fono,saturday,09:00,10:00,2026-05-23,2026-07-22,paused
evt_sch_00240,I,2026-05-06 12:40:00,2026-05-06 12:41:00,sch_00197,child_035,aba,wednesday,11:00,11:45,2026-05-08,2026-07-07,active
evt_sch_00241,I,2026-05-06 12:42:00,2026-05-06 12:43:00,sch_00198,child_059,to,sunday,13:00,14:30,2026-06-21,2026-08-20,active
evt_sch_00242,I,2026-05-06 12:44:00,2026-05-06 12:45:00,sch_00199,child_022,aba,tuesday,08:00,08:45,2026-05-07,2026-07-06,paused
evt_sch_00243,I,2026-05-06 12:46:00,2026-05-06 12:47:00,sch_00200,child_062,psicoped,saturday,14:00,14:45,2026-06-09,2026-08-08,cancelled
evt_sch_00244,U,2026-05-06 12:48:00,2026-05-06 12:49:00,sch_00200,child_062,psicoped,saturday,14:00,14:45,2026-06-09,2026-08-08,paused
evt_sch_00245,I,2026-05-06 12:50:00,2026-05-06 12:51:00,sch_00201,child_004,fono,thursday,14:00,14:30,2026-06-26,2026-08-25,active
evt_sch_00246,I,2026-05-06 12:52:00,2026-05-06 12:53:00,sch_00202,child_009,to,saturday,11:00,11:30,2026-06-15,2026-07-15,paused
evt_sch_00247,I,2026-05-06 12:54:00,2026-05-06 12:55:00,sch_00203,child_044,psicoped,friday,16:00,16:30,2026-05-28,2026-06-27,active
evt_sch_00248,I,2026-05-06 12:56:00,2026-05-06 12:57:00,sch_00204,child_050,fono,sunday,15:00,17:00,2026-05-04,2026-05-18,active
evt_sch_00249,I,2026-05-06 12:58:00,2026-05-06 12:59:00,sch_00205,child_021,psicoped,sunday,14:00,15:30,2026-06-25,2026-07-25,active
evt_sch_00250,U,2026-05-06 13:00:00,2026-05-06 13:01:00,sch_00205,child_021,psicoped,sunday,14:00,15:30,2026-06-25,2026-07-25,cancelled
evt_sch_00251,D,2026-05-06 13:02:00,2026-05-06 13:03:00,sch_00205,child_021,psicoped,sunday,14:00,15:30,2026-06-25,2026-07-25,cancelled
evt_sch_00252,I,2026-05-06 13:04:00,2026-05-06 13:05:00,sch_00206,child_042,fono,wednesday,10:00,10:30,2026-06-02,2026-07-02,active
evt_sch_00253,I,2026-05-06 13:06:00,2026-05-06 13:07:00,sch_00207,child_049,psico,sunday,09:30,10:00,2026-05-30,2026-07-29,cancelled
evt_sch_00254,I,2026-05-06 13:08:00,2026-05-06 13:09:00,sch_00208,child_058,aba,sunday,14:00,15:30,2026-05-21,2026-06-04,paused
evt_sch_00255,I,2026-05-06 13:10:00,2026-05-06 13:11:00,sch_00209,child_003,aba,thursday,13:00,13:30,2026-06-05,2026-06-19,cancelled
evt_sch_00256,I,2026-05-06 13:12:00,2026-05-06 13:13:00,sch_00210,child_078,psicoped,saturday,10:00,12:00,2026-06-05,2026-07-05,active
evt_sch_00257,U,2026-05-06 13:14:00,2026-05-06 13:15:00,sch_00210,child_078,psicoped,saturday,10:00,12:00,2026-06-05,2026-07-05,cancelled
evt_sch_00258,I,2026-05-06 13:16:00,2026-05-06 13:17:00,sch_00211,child_044,to,sunday,08:00,08:45,2026-06-24,2026-08-23,active
evt_sch_00259,I,2026-05-06 13:18:00,2026-05-06 13:19:00,sch_00212,child_080,psicoped,thursday,11:00,12:30,2026-05-08,2026-05-22,cancelled
evt_sch_00260,I,2026-05-06 13:20:00,2026-05-06 13:21:00,sch_00213,child_029,aba,wednesday,11:00,12:00,2026-06-05,2026-07-20,cancelled
evt_sch_00261,I,2026-05-06 13:22:00,2026-05-06 13:23:00,sch_00214,child_006,fono,thursday,09:00,10:30,2026-05-07,2026-06-21,active
evt_sch_00262,I,2026-05-06 13:24:00,2026-05-06 13:25:00,sch_00215,child_025,aba,sunday,13:00,13:45,2026-05-30,2026-06-29,cancelled
evt_sch_00263,U,2026-05-06 13:26:00,2026-05-06 13:27:00,sch_00215,child_025,aba,sunday,13:00,13:45,2026-05-30,2026-06-29,active
evt_sch_00264,I,2026-05-06 13:28:00,2026-05-06 13:29:00,sch_00216,child_054,aba,saturday,16:00,16:30,2026-06-19,2026-08-18,active
evt_sch_00265,I,2026-05-06 13:30:00,2026-05-06 13:31:00,sch_00217,child_076,psicoped,tuesday,14:00,14:30,2026-06-03,2026-06-17,active
evt_sch_00266,I,2026-05-06 13:32:00,2026-05-06 13:33:00,sch_00218,child_056,psicoped,thursday,15:00,15:45,2026-06-14,2026-07-14,cancelled
evt_sch_00267,I,2026-05-06 13:34:00,2026-05-06 13:35:00,sch_00219,child_017,aba,thursday,16:00,18:00,2026-06-26,2026-08-10,active
evt_sch_00268,I,2026-05-06 13:36:00,2026-05-06 13:37:00,sch_00220,child_050,psico,friday,09:30,10:30,2026-05-26,2026-07-10,paused
evt_sch_00269,U,2026-05-06 13:38:00,2026-05-06 13:39:00,sch_00220,child_050,psico,friday,09:30,10:30,2026-05-26,2026-07-10,cancelled
evt_sch_00270,I,2026-05-06 13:40:00,2026-05-06 13:41:00,sch_00221,child_018,fono,thursday,16:00,18:00,2026-05-20,2026-07-04,cancelled
evt_sch_00271,I,2026-05-06 13:42:00,2026-05-06 13:43:00,sch_00222,child_071,fono,tuesday,09:30,11:30,2026-06-15,2026-07-30,active
evt_sch_00272,I,2026-05-06 13:44:00,2026-05-06 13:45:00,sch_00223,child_017,fono,friday,15:00,16:00,2026-06-15,2026-06-29,cancelled
evt_sch_00273,I,2026-05-06 13:46:00,2026-05-06 13:47:00,sch_00224,child_072,psico,friday,16:00,17:30,2026-06-13,2026-07-28,paused
evt_sch_00274,I,2026-05-06 13:48:00,2026-05-06 13:49:00,sch_00225,child_055,aba,friday,08:30,09:00,2026-05-25,2026-06-24,active
evt_sch_00275,U,2026-05-06 13:50:00,2026-05-06 13:51:00,sch_00225,child_055,aba,friday,08:30,09:00,2026-05-25,2026-06-24,active
evt_sch_00276,I,2026-05-06 13:52:00,2026-05-06 13:53:00,sch_00226,child_026,to,sunday,09:00,10:00,2026-06-13,2026-07-28,active
evt_sch_00277,I,2026-05-06 13:54:00,2026-05-06 13:55:00,sch_00227,child_008,to,tuesday,15:00,15:30,2026-05-23,2026-07-22,active
evt_sch_00278,I,2026-05-06 13:56:00,2026-05-06 13:57:00,sch_00228,child_072,fono,saturday,15:00,16:30,2026-05-16,2026-06-30,active
evt_sch_00279,I,2026-05-06 13:58:00,2026-05-06 13:59:00,sch_00229,child_007,psico,thursday,13:00,14:00,2026-06-05,2026-06-19,active
evt_sch_00280,I,2026-05-06 14:00:00,2026-05-06 14:01:00,sch_00230,child_033,fono,friday,14:00,14:45,2026-06-28,2026-08-12,cancelled
evt_sch_00281,U,2026-05-06 14:02:00,2026-05-06 14:03:00,sch_00230,child_033,fono,friday,14:00,14:45,2026-06-28,2026-08-12,paused
evt_sch_00282,I,2026-05-06 14:04:00,2026-05-06 14:05:00,sch_00231,child_078,fono,sunday,09:30,10:30,2026-05-29,2026-06-28,paused
evt_sch_00283,I,2026-05-06 14:06:00,2026-05-06 14:07:00,sch_00232,child_010,fono,tuesday,15:00,15:30,2026-05-25,2026-06-08,active
evt_sch_00284,I,2026-05-06 14:08:00,2026-05-06 14:09:00,sch_00233,child_072,to,tuesday,09:00,11:00,2026-06-24,2026-08-08,active
evt_sch_00285,I,2026-05-06 14:10:00,2026-05-06 14:11:00,sch_00234,child_060,fono,monday,09:00,10:00,2026-06-08,2026-06-22,cancelled
evt_sch_00286,I,2026-05-06 14:12:00,2026-05-06 14:13:00,sch_00235,child_079,to,thursday,16:00,18:00,2026-05-23,2026-06-06,cancelled
evt_sch_00287,U,2026-05-06 14:14:00,2026-05-06 14:15:00,sch_00235,child_079,to,thursday,16:00,18:00,2026-05-23,2026-06-06,cancelled
evt_sch_00288,I,2026-05-06 14:16:00,2026-05-06 14:17:00,sch_00236,child_068,fono,tuesday,15:00,15:30,2026-06-20,2026-07-20,active
evt_sch_00289,I,2026-05-06 14:18:00,2026-05-06 14:19:00,sch_00237,child_069,psico,monday,11:00,11:45,2026-06-26,2026-07-26,active
evt_sch_00290,I,2026-05-06 14:20:00,2026-05-06 14:21:00,sch_00238,child_043,to,wednesday,09:30,11:30,2026-06-03,2026-08-02,paused
evt_sch_00291,I,2026-05-06 14:22:00,2026-05-06 14:23:00,sch_00239,child_002,aba,saturday,11:00,12:30,2026-05-16,2026-06-15,paused
evt_sch_00292,I,2026-05-06 14:24:00,2026-05-06 14:25:00,sch_00240,child_042,psico,sunday,08:30,10:00,2026-05-17,2026-07-01,active
evt_sch_00293,U,2026-05-06 14:26:00,2026-05-06 14:27:00,sch_00240,child_042,psico,sunday,08:30,10:00,2026-05-17,2026-07-01,paused
evt_sch_00294,I,2026-05-06 14:28:00,2026-05-06 14:29:00,sch_00241,child_048,psicoped,sunday,15:00,16:30,2026-06-01,2026-06-15,active
evt_sch_00295,I,2026-05-06 14:30:00,2026-05-06 14:31:00,sch_00242,child_025,to,friday,08:30,09:00,2026-05-11,2026-05-25,active
evt_sch_00296,I,2026-05-06 14:32:00,2026-05-06 14:33:00,sch_00243,child_027,fono,sunday,13:00,13:30,2026-05-14,2026-07-13,active
evt_sch_00297,I,2026-05-06 14:34:00,2026-05-06 14:35:00,sch_00244,child_010,fono,monday,14:00,15:00,2026-05-03,2026-05-17,active
evt_sch_00298,I,2026-05-06 14:36:00,2026-05-06 14:37:00,sch_00245,child_023,to,friday,08:30,10:30,2026-06-22,2026-07-22,paused
evt_sch_00299,U,2026-05-06 14:38:00,2026-05-06 14:39:00,sch_00245,child_023,to,friday,08:30,10:30,2026-06-22,2026-07-22,cancelled
evt_sch_00300,I,2026-05-06 14:40:00,2026-05-06 14:41:00,sch_00246,child_050,psico,saturday,13:00,14:30,2026-05-21,2026-06-04,active
evt_sch_00301,D,2026-05-06 14:42:00,2026-05-06 14:43:00,sch_00246,child_050,psico,saturday,13:00,14:30,2026-05-21,2026-06-04,cancelled
evt_sch_00302,I,2026-05-06 14:44:00,2026-05-06 14:45:00,sch_00247,child_016,psicoped,monday,16:00,16:30,2026-06-18,2026-07-02,cancelled
evt_sch_00303,I,2026-05-06 14:46:00,2026-05-06 14:47:00,sch_00248,child_010,to,friday,08:30,09:30,2026-06-20,2026-08-04,active
evt_sch_00304,I,2026-05-06 14:48:00,2026-05-06 14:49:00,sch_00249,child_037,psico,thursday,13:00,13:30,2026-05-31,2026-06-30,active
evt_sch_00305,I,2026-05-06 14:50:00,2026-05-06 14:51:00,sch_00250,child_018,psico,sunday,15:00,16:00,2026-06-10,2026-07-10,active
evt_sch_00306,U,2026-05-06 14:52:00,2026-05-06 14:53:00,sch_00250,child_018,psico,sunday,15:00,16:00,2026-06-10,2026-07-10,paused
evt_sch_00307,I,2026-05-06 14:54:00,2026-05-06 14:55:00,sch_00251,child_048,aba,friday,15:00,15:45,2026-05-08,2026-05-22,active
evt_sch_00308,I,2026-05-06 14:56:00,2026-05-06 14:57:00,sch_00252,child_077,psico,friday,15:00,15:30,2026-05-20,2026-06-19,cancelled
evt_sch_00309,I,2026-05-06 14:58:00,2026-05-06 14:59:00,sch_00253,child_045,fono,thursday,15:00,15:45,2026-05-11,2026-06-10,active
evt_sch_00310,I,2026-05-06 15:00:00,2026-05-06 15:01:00,sch_00254,child_033,fono,monday,09:00,11:00,2026-06-24,2026-07-08,paused
evt_sch_00311,I,2026-05-06 15:02:00,2026-05-06 15:03:00,sch_00255,child_071,psico,saturday,15:00,15:30,2026-05-19,2026-06-02,active
evt_sch_00312,U,2026-05-06 15:04:00,2026-05-06 15:05:00,sch_00255,child_071,psico,saturday,15:00,15:30,2026-05-19,2026-06-02,active
evt_sch_00313,I,2026-05-06 15:06:00,2026-05-06 15:07:00,sch_00256,child_075,psico,wednesday,11:00,11:45,2026-06-12,2026-07-12,active
evt_sch_00314,I,2026-05-06 15:08:00,2026-05-06 15:09:00,sch_00257,child_080,aba,tuesday,11:00,12:30,2026-05-29,2026-07-13,active
evt_sch_00315,I,2026-05-06 15:10:00,2026-05-06 15:11:00,sch_00258,child_040,psicoped,tuesday,16:00,18:00,2026-05-24,2026-07-08,paused
evt_sch_00316,I,2026-05-06 15:12:00,2026-05-06 15:13:00,sch_00259,child_022,aba,wednesday,09:30,10:15,2026-06-15,2026-08-14,active
evt_sch_00317,I,2026-05-06 15:14:00,2026-05-06 15:15:00,sch_00260,child_047,fono,saturday,11:00,12:30,2026-05-30,2026-07-29,active
evt_sch_00318,U,2026-05-06 15:16:00,2026-05-06 15:17:00,sch_00260,child_047,fono,saturday,11:00,12:30,2026-05-30,2026-07-29,cancelled
evt_sch_00319,I,2026-05-06 15:18:00,2026-05-06 15:19:00,sch_00261,child_063,psicoped,monday,09:00,11:00,2026-05-06,2026-06-20,paused
evt_sch_00320,I,2026-05-06 15:20:00,2026-05-06 15:21:00,sch_00262,child_018,psicoped,tuesday,10:00,10:30,2026-06-16,2026-06-30,paused
evt_sch_00321,I,2026-05-06 15:22:00,2026-05-06 15:23:00,sch_00263,child_065,aba,sunday,16:00,18:00,2026-05-26,2026-06-25,paused
evt_sch_00322,I,2026-05-06 15:24:00,2026-05-06 15:25:00,sch_00264,child_071,to,friday,15:00,16:30,2026-06-11,2026-07-11,active
evt_sch_00323,I,2026-05-06 15:26:00,2026-05-06 15:27:00,sch_00265,child_029,psicoped,saturday,10:00,10:45,2026-05-30,2026-06-13,active
evt_sch_00324,U,2026-05-06 15:28:00,2026-05-06 15:29:00,sch_00265,child_029,psicoped,saturday,10:00,10:45,2026-05-30,2026-06-13,paused
evt_sch_00325,I,2026-05-06 15:30:00,2026-05-06 15:31:00,sch_00266,child_002,fono,sunday,16:00,16:45,2026-06-18,2026-07-18,active
evt_sch_00326,I,2026-05-06 15:32:00,2026-05-06 15:33:00,sch_00267,child_023,psicoped,friday,09:00,10:30,2026-06-30,2026-08-14,active
evt_sch_00327,I,2026-05-06 15:34:00,2026-05-06 15:35:00,sch_00268,child_063,fono,monday,10:00,11:00,2026-05-15,2026-05-29,active
evt_sch_00328,I,2026-05-06 15:36:00,2026-05-06 15:37:00,sch_00269,child_067,to,thursday,14:00,15:30,2026-06-26,2026-07-10,active
evt_sch_00329,I,2026-05-06 15:38:00,2026-05-06 15:39:00,sch_00270,child_042,aba,saturday,15:00,16:00,2026-06-23,2026-08-07,active
evt_sch_00330,U,2026-05-06 15:40:00,2026-05-06 15:41:00,sch_00270,child_042,aba,saturday,15:00,16:00,2026-06-23,2026-08-07,paused
evt_sch_00331,I,2026-05-06 15:42:00,2026-05-06 15:43:00,sch_00271,child_023,psico,saturday,13:00,14:00,2026-06-07,2026-06-21,active
evt_sch_00332,I,2026-05-06 15:44:00,2026-05-06 15:45:00,sch_00272,child_049,fono,friday,13:00,14:00,2026-06-22,2026-08-06,active
evt_sch_00333,I,2026-05-06 15:46:00,2026-05-06 15:47:00,sch_00273,child_062,psicoped,monday,15:00,15:45,2026-05-29,2026-06-28,active
evt_sch_00334,I,2026-05-06 15:48:00,2026-05-06 15:49:00,sch_00274,child_066,to,tuesday,09:00,09:45,2026-05-11,2026-06-25,active
evt_sch_00335,I,2026-05-06 15:50:00,2026-05-06 15:51:00,sch_00275,child_016,fono,thursday,11:00,11:30,2026-05-31,2026-07-30,active
evt_sch_00336,U,2026-05-06 15:52:00,2026-05-06 15:53:00,sch_00275,child_016,fono,thursday,11:00,11:30,2026-05-31,2026-07-30,paused
evt_sch_00337,I,2026-05-06 15:54:00,2026-05-06 15:55:00,sch_00276,child_021,psico,monday,09:30,10:00,2026-05-09,2026-06-08,active
evt_sch_00338,I,2026-05-06 15:56:00,2026-05-06 15:57:00,sch_00277,child_066,aba,friday,09:00,09:30,2026-05-11,2026-06-25,paused
evt_sch_00339,I,2026-05-06 15:58:00,2026-05-06 15:59:00,sch_00278,child_067,psico,friday,16:00,16:30,2026-06-26,2026-08-10,paused
evt_sch_00340,I,2026-05-06 16:00:00,2026-05-06 16:01:00,sch_00279,child_028,psico,friday,14:00,15:30,2026-05-11,2026-06-10,cancelled
evt_sch_00341,I,2026-05-06 16:02:00,2026-05-06 16:03:00,sch_00280,child_077,fono,sunday,16:00,16:45,2026-06-09,2026-07-24,active
evt_sch_00342,U,2026-05-06 16:04:00,2026-05-06 16:05:00,sch_00280,child_077,fono,sunday,16:00,16:45,2026-06-09,2026-07-24,paused
evt_sch_00343,I,2026-05-06 16:06:00,2026-05-06 16:07:00,sch_00281,child_044,psico,friday,16:00,16:30,2026-05-15,2026-07-14,active
evt_sch_00344,I,2026-05-06 16:08:00,2026-05-06 16:09:00,sch_00282,child_014,aba,tuesday,15:00,17:00,2026-06-13,2026-08-12,cancelled
evt_sch_00345,I,2026-05-06 16:10:00,2026-05-06 16:11:00,sch_00283,child_078,aba,tuesday,14:00,16:00,2026-06-08,2026-06-22,paused
evt_sch_00346,I,2026-05-06 16:12:00,2026-05-06 16:13:00,sch_00284,child_069,psicoped,sunday,08:30,09:00,2026-05-31,2026-06-30,paused
evt_sch_00347,I,2026-05-06 16:14:00,2026-05-06 16:15:00,sch_00285,child_070,aba,sunday,13:00,15:00,2026-05-27,2026-07-11,paused
evt_sch_00348,U,2026-05-06 16:16:00,2026-05-06 16:17:00,sch_00285,child_070,aba,sunday,13:00,15:00,2026-05-27,2026-07-11,paused
evt_sch_00349,I,2026-05-06 16:18:00,2026-05-06 16:19:00,sch_00286,child_068,psico,tuesday,14:00,15:30,2026-05-23,2026-06-06,active
evt_sch_00350,I,2026-05-06 16:20:00,2026-05-06 16:21:00,sch_00287,child_033,psico,sunday,09:30,10:00,2026-05-19,2026-07-18,active
evt_sch_00351,D,2026-05-06 16:22:00,2026-05-06 16:23:00,sch_00287,child_033,psico,sunday,09:30,10:00,2026-05-19,2026-07-18,cancelled
evt_sch_00352,I,2026-05-06 16:24:00,2026-05-06 16:25:00,sch_00288,child_001,aba,friday,15:00,15:30,2026-06-03,2026-06-17,active
evt_sch_00353,I,2026-05-06 16:26:00,2026-05-06 16:27:00,sch_00289,child_027,to,thursday,11:00,11:30,2026-05-10,2026-07-09,active
evt_sch_00354,I,2026-05-06 16:28:00,2026-05-06 16:29:00,sch_00290,child_033,to,sunday,15:00,16:30,2026-06-06,2026-07-21,active
evt_sch_00355,U,2026-05-06 16:30:00,2026-05-06 16:31:00,sch_00290,child_033,to,sunday,15:00,16:30,2026-06-06,2026-07-21,paused
evt_sch_00356,I,2026-05-06 16:32:00,2026-05-06 16:33:00,sch_00291,child_051,fono,thursday,15:00,17:00,2026-05-31,2026-06-30,active
evt_sch_00357,I,2026-05-06 16:34:00,2026-05-06 16:35:00,sch_00292,child_072,psico,wednesday,10:00,12:00,2026-05-23,2026-07-22,cancelled
evt_sch_00358,I,2026-05-06 16:36:00,2026-05-06 16:37:00,sch_00293,child_016,fono,thursday,09:00,09:30,2026-05-14,2026-07-13,cancelled
evt_sch_00359,I,2026-05-06 16:38:00,2026-05-06 16:39:00,sch_00294,child_071,psicoped,saturday,08:00,08:45,2026-05-25,2026-06-08,cancelled
evt_sch_00360,I,2026-05-06 16:40:00,2026-05-06 16:41:00,sch_00295,child_019,psico,friday,13:00,13:30,2026-05-05,2026-06-19,active
evt_sch_00361,U,2026-05-06 16:42:00,2026-05-06 16:43:00,sch_00295,child_019,psico,friday,13:00,13:30,2026-05-05,2026-06-19,active
evt_sch_00362,I,2026-05-06 16:44:00,2026-05-06 16:45:00,sch_00296,child_078,aba,saturday,13:00,14:30,2026-06-09,2026-07-24,cancelled
evt_sch_00363,I,2026-05-06 16:46:00,2026-05-06 16:47:00,sch_00297,child_077,aba,sunday,09:00,10:30,2026-05-29,2026-06-12,active
evt_sch_00364,I,2026-05-06 16:48:00,2026-05-06 16:49:00,sch_00298,child_067,to,tuesday,08:00,10:00,2026-06-02,2026-07-02,active
evt_sch_00365,I,2026-05-06 16:50:00,2026-05-06 16:51:00,sch_00299,child_005,to,tuesday,08:00,08:45,2026-05-06,2026-06-20,cancelled
evt_sch_00366,I,2026-05-06 16:52:00,2026-05-06 16:53:00,sch_00300,child_046,psico,thursday,16:00,16:45,2026-06-03,2026-06-17,cancelled
evt_sch_00367,U,2026-05-06 16:54:00,2026-05-06 16:55:00,sch_00300,child_046,psico,thursday,16:00,16:45,2026-06-03,2026-06-17,active
evt_sch_00368,I,2026-05-06 16:56:00,2026-05-06 16:57:00,sch_00301,child_012,psicoped,wednesday,15:00,17:00,2026-05-23,2026-07-07,paused
evt_sch_00369,I,2026-05-06 16:58:00,2026-05-06 16:59:00,sch_00302,child_036,fono,friday,09:30,11:00,2026-06-29,2026-08-28,active
evt_sch_00370,I,2026-05-06 17:00:00,2026-05-06 17:01:00,sch_00303,child_034,fono,thursday,15:00,15:30,2026-06-05,2026-06-19,active
evt_sch_00371,I,2026-05-06 17:02:00,2026-05-06 17:03:00,sch_00304,child_044,aba,sunday,15:00,16:00,2026-06-26,2026-08-10,active
evt_sch_00372,I,2026-05-06 17:04:00,2026-05-06 17:05:00,sch_00305,child_049,psicoped,thursday,09:30,10:30,2026-06-19,2026-08-18,active
evt_sch_00373,U,2026-05-06 17:06:00,2026-05-06 17:07:00,sch_00305,child_049,psicoped,thursday,09:30,10:30,2026-06-19,2026-08-18,paused
evt_sch_00374,I,2026-05-06 17:08:00,2026-05-06 17:09:00,sch_00306,child_004,psico,monday,10:00,10:30,2026-05-25,2026-06-24,active
evt_sch_00375,I,2026-05-06 17:10:00,2026-05-06 17:11:00,sch_00307,child_030,to,thursday,11:00,13:00,2026-06-04,2026-06-18,cancelled
evt_sch_00376,I,2026-05-06 17:12:00,2026-05-06 17:13:00,sch_00308,child_034,fono,wednesday,08:30,10:00,2026-06-13,2026-07-28,active
evt_sch_00377,I,2026-05-06 17:14:00,2026-05-06 17:15:00,sch_00309,child_023,psico,wednesday,11:00,11:45,2026-06-27,2026-08-11,active
evt_sch_00378,I,2026-05-06 17:16:00,2026-05-06 17:17:00,sch_00310,child_025,psico,saturday,09:30,10:15,2026-06-17,2026-07-17,paused
evt_sch_00379,U,2026-05-06 17:18:00,2026-05-06 17:19:00,sch_00310,child_025,psico,saturday,09:30,10:15,2026-06-17,2026-07-17,active
evt_sch_00380,I,2026-05-06 17:20:00,2026-05-06 17:21:00,sch_00311,child_030,fono,sunday,09:30,11:30,2026-05-23,2026-06-22,cancelled
evt_sch_00381,I,2026-05-06 17:22:00,2026-05-06 17:23:00,sch_00312,child_016,aba,saturday,14:00,16:00,2026-05-01,2026-05-15,cancelled
evt_sch_00382,I,2026-05-06 17:24:00,2026-05-06 17:25:00,sch_00313,child_048,psicoped,wednesday,14:00,16:00,2026-06-25,2026-08-09,active
evt_sch_00383,I,2026-05-06 17:26:00,2026-05-06 17:27:00,sch_00314,child_066,to,thursday,09:30,11:30,2026-05-09,2026-05-23,active
evt_sch_00384,I,2026-05-06 17:28:00,2026-05-06 17:29:00,sch_00315,child_055,psico,friday,08:00,10:00,2026-05-23,2026-07-22,paused
evt_sch_00385,U,2026-05-06 17:30:00,2026-05-06 17:31:00,sch_00315,child_055,psico,friday,08:00,10:00,2026-05-23,2026-07-22,active
evt_sch_00386,I,2026-05-06 17:32:00,2026-05-06 17:33:00,sch_00316,child_059,aba,saturday,15:00,16:30,2026-05-21,2026-06-04,active
evt_sch_00387,I,2026-05-06 17:34:00,2026-05-06 17:35:00,sch_00317,child_027,psico,friday,08:30,09:30,2026-05-24,2026-07-08,active
evt_sch_00388,I,2026-05-06 17:36:00,2026-05-06 17:37:00,sch_00318,child_034,fono,wednesday,14:00,16:00,2026-05-22,2026-07-06,active
evt_sch_00389,I,2026-05-06 17:38:00,2026-05-06 17:39:00,sch_00319,child_055,fono,thursday,11:00,12:00,2026-06-24,2026-08-23,active
evt_sch_00390,I,2026-05-06 17:40:00,2026-05-06 17:41:00,sch_00320,child_024,psicoped,tuesday,16:00,16:45,2026-06-22,2026-07-06,cancelled
evt_sch_00391,U,2026-05-06 17:42:00,2026-05-06 17:43:00,sch_00320,child_024,psicoped,tuesday,16:00,16:45,2026-06-22,2026-07-06,active
evt_sch_00392,I,2026-05-06 17:44:00,2026-05-06 17:45:00,sch_00321,child_072,psico,sunday,13:00,13:45,2026-05-10,2026-06-09,active
evt_sch_00393,I,2026-05-06 17:46:00,2026-05-06 17:47:00,sch_00322,child_002,fono,thursday,14:00,14:45,2026-06-27,2026-08-11,cancelled
evt_sch_00394,I,2026-05-06 17:48:00,2026-05-06 17:49:00,sch_00323,child_039,to,friday,16:00,16:30,2026-05-26,2026-06-09,active
evt_sch_00395,I,2026-05-06 17:50:00,2026-05-06 17:51:00,sch_00324,child_008,fono,sunday,10:00,11:30,2026-06-23,2026-07-07,active
evt_sch_00396,I,2026-05-06 17:52:00,2026-05-06 17:53:00,sch_00325,child_043,to,wednesday,11:00,13:00,2026-06-05,2026-07-20,active
evt_sch_00397,U,2026-05-06 17:54:00,2026-05-06 17:55:00,sch_00325,child_043,to,wednesday,11:00,13:00,2026-06-05,2026-07-20,cancelled
evt_sch_00398,I,2026-05-06 17:56:00,2026-05-06 17:57:00,sch_00326,child_016,to,sunday,16:00,16:45,2026-06-06,2026-07-06,paused
evt_sch_00399,I,2026-05-06 17:58:00,2026-05-06 17:59:00,sch_00327,child_037,to,wednesday,15:00,16:30,2026-06-19,2026-08-18,paused
evt_sch_00400,I,2026-05-06 18:00:00,2026-05-06 18:01:00,sch_00328,child_049,psicoped,wednesday,14:00,14:45,2026-06-25,2026-07-25,active
evt_sch_00401,D,2026-05-06 18:02:00,2026-05-06 18:03:00,sch_00328,child_049,psicoped,wednesday,14:00,14:45,2026-06-25,2026-07-25,cancelled
evt_sch_00402,I,2026-05-06 18:04:00,2026-05-06 18:05:00,sch_00329,child_044,psico,saturday,16:00,18:00,2026-05-26,2026-06-09,active
evt_sch_00403,I,2026-05-06 18:06:00,2026-05-06 18:07:00,sch_00330,child_044,fono,wednesday,11:00,12:00,2026-06-15,2026-07-30,active
evt_sch_00404,U,2026-05-06 18:08:00,2026-05-06 18:09:00,sch_00330,child_044,fono,wednesday,11:00,12:00,2026-06-15,2026-07-30,cancelled
evt_sch_00405,I,2026-05-06 18:10:00,2026-05-06 18:11:00,sch_00331,child_035,psico,sunday,11:00,13:00,2026-06-03,2026-08-02,active
evt_sch_00406,I,2026-05-06 18:12:00,2026-05-06 18:13:00,sch_00332,child_024,aba,tuesday,09:30,10:30,2026-06-30,2026-07-14,active
evt_sch_00407,I,2026-05-06 18:14:00,2026-05-06 18:15:00,sch_00333,child_051,aba,monday,08:30,10:00,2026-06-05,2026-06-19,active
evt_sch_00408,I,2026-05-06 18:16:00,2026-05-06 18:17:00,sch_00334,child_051,psicoped,sunday,08:30,09:00,2026-05-17,2026-06-16,active
evt_sch_00409,I,2026-05-06 18:18:00,2026-05-06 18:19:00,sch_00335,child_050,to,tuesday,09:30,10:30,2026-05-29,2026-06-28,active
evt_sch_00410,U,2026-05-06 18:20:00,2026-05-06 18:21:00,sch_00335,child_050,to,tuesday,09:30,10:30,2026-05-29,2026-06-28,active
evt_sch_00411,I,2026-05-06 18:22:00,2026-05-06 18:23:00,sch_00336,child_004,aba,saturday,11:00,12:00,2026-06-25,2026-08-24,active
evt_sch_00412,I,2026-05-06 18:24:00,2026-05-06 18:25:00,sch_00337,child_070,to,friday,14:00,14:45,2026-06-30,2026-07-30,active
evt_sch_00413,I,2026-05-06 18:26:00,2026-05-06 18:27:00,sch_00338,child_059,psicoped,thursday,15:00,17:00,2026-05-20,2026-07-04,active
evt_sch_00414,I,2026-05-06 18:28:00,2026-05-06 18:29:00,sch_00339,child_030,aba,thursday,10:00,11:00,2026-05-27,2026-07-11,active
evt_sch_00415,I,2026-05-06 18:30:00,2026-05-06 18:31:00,sch_00340,child_002,aba,friday,09:00,10:00,2026-05-19,2026-07-18,active
evt_sch_00416,U,2026-05-06 18:32:00,2026-05-06 18:33:00,sch_00340,child_002,aba,friday,09:00,10:00,2026-05-19,2026-07-18,paused
evt_sch_00417,I,2026-05-06 18:34:00,2026-05-06 18:35:00,sch_00341,child_063,psico,wednesday,08:00,09:30,2026-06-21,2026-08-05,active
evt_sch_00418,I,2026-05-06 18:36:00,2026-05-06 18:37:00,sch_00342,child_001,psicoped,wednesday,09:30,11:00,2026-06-26,2026-08-25,active
evt_sch_00419,I,2026-05-06 18:38:00,2026-05-06 18:39:00,sch_00343,child_021,psico,sunday,13:00,13:45,2026-05-17,2026-05-31,active
evt_sch_00420,I,2026-05-06 18:40:00,2026-05-06 18:41:00,sch_00344,child_031,psicoped,sunday,16:00,17:00,2026-05-19,2026-07-03,active
evt_sch_00421,I,2026-05-06 18:42:00,2026-05-06 18:43:00,sch_00345,child_009,fono,tuesday,10:00,10:30,2026-06-10,2026-08-09,active
evt_sch_00422,U,2026-05-06 18:44:00,2026-05-06 18:45:00,sch_00345,child_009,fono,tuesday,10:00,10:30,2026-06-10,2026-08-09,cancelled
evt_sch_00423,I,2026-05-06 18:46:00,2026-05-06 18:47:00,sch_00346,child_080,psico,tuesday,11:00,11:30,2026-05-10,2026-05-24,paused
evt_sch_00424,I,2026-05-06 18:48:00,2026-05-06 18:49:00,sch_00347,child_003,fono,monday,10:00,11:00,2026-05-09,2026-07-08,cancelled
evt_sch_00425,I,2026-05-06 18:50:00,2026-05-06 18:51:00,sch_00348,child_030,aba,tuesday,08:00,09:30,2026-05-14,2026-06-28,active
evt_sch_00426,I,2026-05-06 18:52:00,2026-05-06 18:53:00,sch_00349,child_064,to,thursday,08:00,09:00,2026-05-06,2026-06-05,active
evt_sch_00427,I,2026-05-06 18:54:00,2026-05-06 18:55:00,sch_00350,child_051,aba,friday,14:00,14:45,2026-05-13,2026-06-27,cancelled
evt_sch_00428,U,2026-05-06 18:56:00,2026-05-06 18:57:00,sch_00350,child_051,aba,friday,14:00,14:45,2026-05-13,2026-06-27,active
evt_sch_00429,I,2026-05-06 18:58:00,2026-05-06 18:59:00,sch_00351,child_016,fono,thursday,14:00,14:45,2026-06-17,2026-07-01,active
evt_sch_00430,I,2026-05-06 19:00:00,2026-05-06 19:01:00,sch_00352,child_013,psicoped,saturday,09:30,11:00,2026-05-25,2026-07-09,paused
evt_sch_00431,I,2026-05-06 19:02:00,2026-05-06 19:03:00,sch_00353,child_021,aba,saturday,15:00,17:00,2026-05-08,2026-06-22,active
evt_sch_00432,I,2026-05-06 19:04:00,2026-05-06 19:05:00,sch_00354,child_039,fono,wednesday,08:00,08:45,2026-05-08,2026-06-07,active
evt_sch_00433,I,2026-05-06 19:06:00,2026-05-06 19:07:00,sch_00355,child_042,aba,tuesday,10:00,12:00,2026-05-08,2026-07-07,cancelled
evt_sch_00434,U,2026-05-06 19:08:00,2026-05-06 19:09:00,sch_00355,child_042,aba,tuesday,10:00,12:00,2026-05-08,2026-07-07,active
evt_sch_00435,I,2026-05-06 19:10:00,2026-05-06 19:11:00,sch_00356,child_006,psicoped,sunday,14:00,16:00,2026-05-10,2026-06-24,cancelled
evt_sch_00436,I,2026-05-06 19:12:00,2026-05-06 19:13:00,sch_00357,child_032,fono,thursday,08:30,10:30,2026-05-22,2026-06-05,active
evt_sch_00437,I,2026-05-06 19:14:00,2026-05-06 19:15:00,sch_00358,child_020,psicoped,sunday,08:30,09:15,2026-06-01,2026-07-01,active
evt_sch_00438,I,2026-05-06 19:16:00,2026-05-06 19:17:00,sch_00359,child_072,to,sunday,14:00,14:45,2026-05-02,2026-07-01,active
evt_sch_00439,I,2026-05-06 19:18:00,2026-05-06 19:19:00,sch_00360,child_018,to,monday,14:00,15:30,2026-06-05,2026-07-20,active
evt_sch_00440,U,2026-05-06 19:20:00,2026-05-06 19:21:00,sch_00360,child_018,to,monday,14:00,15:30,2026-06-05,2026-07-20,cancelled
evt_sch_00441,I,2026-05-06 19:22:00,2026-05-06 19:23:00,sch_00361,child_025,psicoped,tuesday,15:00,16:00,2026-05-21,2026-07-20,active
evt_sch_00442,I,2026-05-06 19:24:00,2026-05-06 19:25:00,sch_00362,child_077,psicoped,tuesday,08:30,10:30,2026-05-10,2026-07-09,active
evt_sch_00443,I,2026-05-06 19:26:00,2026-05-06 19:27:00,sch_00363,child_034,psicoped,wednesday,14:00,14:30,2026-06-19,2026-08-18,cancelled
evt_sch_00444,I,2026-05-06 19:28:00,2026-05-06 19:29:00,sch_00364,child_003,psicoped,sunday,11:00,13:00,2026-05-16,2026-06-30,cancelled
evt_sch_00445,I,2026-05-06 19:30:00,2026-05-06 19:31:00,sch_00365,child_069,psico,tuesday,15:00,16:30,2026-06-19,2026-07-19,active
evt_sch_00446,U,2026-05-06 19:32:00,2026-05-06 19:33:00,sch_00365,child_069,psico,tuesday,15:00,16:30,2026-06-19,2026-07-19,cancelled
evt_sch_00447,I,2026-05-06 19:34:00,2026-05-06 19:35:00,sch_00366,child_053,to,monday,08:30,10:30,2026-06-12,2026-06-26,active
evt_sch_00448,I,2026-05-06 19:36:00,2026-05-06 19:37:00,sch_00367,child_017,fono,sunday,08:00,08:45,2026-05-07,2026-07-06,active
evt_sch_00449,I,2026-05-06 19:38:00,2026-05-06 19:39:00,sch_00368,child_005,psicoped,saturday,13:00,14:30,2026-06-03,2026-07-18,active
evt_sch_00450,I,2026-05-06 19:40:00,2026-05-06 19:41:00,sch_00369,child_029,psicoped,saturday,08:30,09:00,2026-06-29,2026-07-29,active
evt_sch_00451,D,2026-05-06 19:42:00,2026-05-06 19:43:00,sch_00369,child_029,psicoped,saturday,08:30,09:00,2026-06-29,2026-07-29,cancelled
evt_sch_00452,I,2026-05-06 19:44:00,2026-05-06 19:45:00,sch_00370,child_011,psico,sunday,08:00,09:00,2026-06-05,2026-08-04,cancelled
evt_sch_00453,U,2026-05-06 19:46:00,2026-05-06 19:47:00,sch_00370,child_011,psico,sunday,08:00,09:00,2026-06-05,2026-08-04,paused
evt_sch_00454,I,2026-05-06 19:48:00,2026-05-06 19:49:00,sch_00371,child_008,psicoped,wednesday,15:00,15:30,2026-06-16,2026-06-30,cancelled
evt_sch_00455,I,2026-05-06 19:50:00,2026-05-06 19:51:00,sch_00372,child_010,fono,friday,08:30,09:00,2026-06-16,2026-07-16,active
evt_sch_00456,I,2026-05-06 19:52:00,2026-05-06 19:53:00,sch_00373,child_025,fono,friday,09:30,11:30,2026-06-10,2026-07-10,active
evt_sch_00457,I,2026-05-06 19:54:00,2026-05-06 19:55:00,sch_00374,child_072,psico,saturday,08:30,10:30,2026-05-23,2026-07-22,cancelled
evt_sch_00458,I,2026-05-06 19:56:00,2026-05-06 19:57:00,sch_00375,child_055,aba,tuesday,09:00,11:00,2026-05-26,2026-07-10,active
evt_sch_00459,U,2026-05-06 19:58:00,2026-05-06 19:59:00,sch_00375,child_055,aba,tuesday,09:00,11:00,2026-05-26,2026-07-10,paused
evt_sch_00460,I,2026-05-06 20:00:00,2026-05-06 20:01:00,sch_00376,child_077,psico,wednesday,11:00,13:00,2026-05-21,2026-07-05,active
evt_sch_00461,I,2026-05-06 20:02:00,2026-05-06 20:03:00,sch_00377,child_056,to,friday,09:30,11:30,2026-06-04,2026-07-04,active
evt_sch_00462,I,2026-05-06 20:04:00,2026-05-06 20:05:00,sch_00378,child_071,to,wednesday,14:00,15:30,2026-05-26,2026-06-09,cancelled
evt_sch_00463,I,2026-05-06 20:06:00,2026-05-06 20:07:00,sch_00379,child_037,psicoped,monday,15:00,15:45,2026-06-26,2026-08-10,active
evt_sch_00464,I,2026-05-06 20:08:00,2026-05-06 20:09:00,sch_00380,child_029,fono,sunday,11:00,11:30,2026-06-19,2026-08-03,paused
evt_sch_00465,U,2026-05-06 20:10:00,2026-05-06 20:11:00,sch_00380,child_029,fono,sunday,11:00,11:30,2026-06-19,2026-08-03,paused
evt_sch_00466,I,2026-05-06 20:12:00,2026-05-06 20:13:00,sch_00381,child_072,psicoped,friday,09:00,09:30,2026-05-03,2026-07-02,active
evt_sch_00467,I,2026-05-06 20:14:00,2026-05-06 20:15:00,sch_00382,child_018,to,wednesday,16:00,16:45,2026-05-15,2026-06-29,cancelled
evt_sch_00468,I,2026-05-06 20:16:00,2026-05-06 20:17:00,sch_00383,child_012,psicoped,thursday,16:00,16:45,2026-06-16,2026-06-30,cancelled
evt_sch_00469,I,2026-05-06 20:18:00,2026-05-06 20:19:00,sch_00384,child_062,fono,thursday,16:00,16:30,2026-06-08,2026-07-23,active
evt_sch_00470,I,2026-05-06 20:20:00,2026-05-06 20:21:00,sch_00385,child_074,psico,monday,08:00,09:00,2026-05-23,2026-07-22,active
evt_sch_00471,U,2026-05-06 20:22:00,2026-05-06 20:23:00,sch_00385,child_074,psico,monday,08:00,09:00,2026-05-23,2026-07-22,active
evt_sch_00472,I,2026-05-06 20:24:00,2026-05-06 20:25:00,sch_00386,child_030,psicoped,monday,13:00,13:30,2026-05-20,2026-06-03,active
evt_sch_00473,I,2026-05-06 20:26:00,2026-05-06 20:27:00,sch_00387,child_073,fono,wednesday,15:00,15:45,2026-05-10,2026-05-24,active
evt_sch_00474,I,2026-05-06 20:28:00,2026-05-06 20:29:00,sch_00388,child_051,psico,sunday,16:00,18:00,2026-06-02,2026-06-16,active
evt_sch_00475,I,2026-05-06 20:30:00,2026-05-06 20:31:00,sch_00389,child_038,psico,tuesday,09:00,10:00,2026-05-06,2026-07-05,active
evt_sch_00476,I,2026-05-06 20:32:00,2026-05-06 20:33:00,sch_00390,child_007,psicoped,thursday,10:00,10:30,2026-05-26,2026-07-25,cancelled
evt_sch_00477,U,2026-05-06 20:34:00,2026-05-06 20:35:00,sch_00390,child_007,psicoped,thursday,10:00,10:30,2026-05-26,2026-07-25,active
evt_sch_00478,I,2026-05-06 20:36:00,2026-05-06 20:37:00,sch_00391,child_018,psico,friday,09:30,11:00,2026-05-26,2026-06-25,active
evt_sch_00479,I,2026-05-06 20:38:00,2026-05-06 20:39:00,sch_00392,child_068,fono,tuesday,08:30,09:30,2026-06-19,2026-08-18,active
evt_sch_00480,I,2026-05-06 20:40:00,2026-05-06 20:41:00,sch_00393,child_074,aba,monday,13:00,14:30,2026-05-24,2026-07-08,active
evt_sch_00481,I,2026-05-06 20:42:00,2026-05-06 20:43:00,sch_00394,child_045,psicoped,saturday,08:00,09:00,2026-05-11,2026-06-25,active
evt_sch_00482,I,2026-05-06 20:44:00,2026-05-06 20:45:00,sch_00395,child_057,psicoped,tuesday,14:00,14:30,2026-06-29,2026-07-29,active
evt_sch_00483,U,2026-05-06 20:46:00,2026-05-06 20:47:00,sch_00395,child_057,psicoped,tuesday,14:00,14:30,2026-06-29,2026-07-29,cancelled
evt_sch_00484,I,2026-05-06 20:48:00,2026-05-06 20:49:00,sch_00396,child_020,aba,monday,08:00,08:45,2026-06-30,2026-07-30,paused
evt_sch_00485,I,2026-05-06 20:50:00,2026-05-06 20:51:00,sch_00397,child_037,aba,wednesday,08:30,09:30,2026-05-29,2026-07-28,active
evt_sch_00486,I,2026-05-06 20:52:00,2026-05-06 20:53:00,sch_00398,child_027,psicoped,tuesday,09:30,11:30,2026-06-03,2026-07-18,active
evt_sch_00487,I,2026-05-06 20:54:00,2026-05-06 20:55:00,sch_00399,child_080,fono,saturday,08:00,09:30,2026-06-07,2026-06-21,active
evt_sch_00488,I,2026-05-06 20:56:00,2026-05-06 20:57:00,sch_00400,child_008,to,tuesday,16:00,17:00,2026-05-04,2026-07-03,active
evt_sch_00489,U,2026-05-06 20:58:00,2026-05-06 20:59:00,sch_00400,child_008,to,tuesday,16:00,17:00,2026-05-04,2026-07-03,active
evt_sch_00490,I,2026-05-06 21:00:00,2026-05-06 21:01:00,sch_00401,child_009,psico,saturday,10:00,11:00,2026-06-25,2026-07-09,active
evt_sch_00491,I,2026-05-06 21:02:00,2026-05-06 21:03:00,sch_00402,child_050,fono,thursday,15:00,15:30,2026-06-27,2026-08-11,active
evt_sch_00492,I,2026-05-06 21:04:00,2026-05-06 21:05:00,sch_00403,child_077,psicoped,monday,09:00,09:45,2026-06-02,2026-08-01,active
evt_sch_00493,I,2026-05-06 21:06:00,2026-05-06 21:07:00,sch_00404,child_003,aba,tuesday,15:00,16:00,2026-05-22,2026-07-21,active
evt_sch_00494,I,2026-05-06 21:08:00,2026-05-06 21:09:00,sch_00405,child_021,aba,wednesday,11:00,12:00,2026-06-10,2026-07-25,active
evt_sch_00495,U,2026-05-06 21:10:00,2026-05-06 21:11:00,sch_00405,child_021,aba,wednesday,11:00,12:00,2026-06-10,2026-07-25,paused
evt_sch_00496,I,2026-05-06 21:12:00,2026-05-06 21:13:00,sch_00406,child_036,aba,saturday,10:00,11:30,2026-06-26,2026-07-10,paused
evt_sch_00497,I,2026-05-06 21:14:00,2026-05-06 21:15:00,sch_00407,child_036,fono,tuesday,11:00,12:30,2026-06-12,2026-07-12,active
evt_sch_00498,I,2026-05-06 21:16:00,2026-05-06 21:17:00,sch_00408,child_049,psicoped,saturday,16:00,16:45,2026-05-27,2026-06-26,active
evt_sch_00499,I,2026-05-06 21:18:00,2026-05-06 21:19:00,sch_00409,child_055,to,friday,11:00,12:30,2026-06-04,2026-07-04,active
evt_sch_00500,I,2026-05-06 21:20:00,2026-05-06 21:21:00,sch_00410,child_018,psicoped,friday,09:30,10:15,2026-05-20,2026-06-19,active
evt_sch_00501,U,2026-05-06 21:22:00,2026-05-06 21:23:00,sch_00410,child_018,psicoped,friday,09:30,10:15,2026-05-20,2026-06-19,active
evt_sch_00502,D,2026-05-06 21:24:00,2026-05-06 21:25:00,sch_00410,child_018,psicoped,friday,09:30,10:15,2026-05-20,2026-06-19,cancelled
evt_sch_00503,I,2026-05-06 21:26:00,2026-05-06 21:27:00,sch_00411,child_073,fono,wednesday,08:30,10:30,2026-06-04,2026-06-18,active
evt_sch_00504,I,2026-05-06 21:28:00,2026-05-06 21:29:00,sch_00412,child_019,aba,sunday,11:00,12:30,2026-05-27,2026-07-11,active
evt_sch_00505,I,2026-05-06 21:30:00,2026-05-06 21:31:00,sch_00413,child_036,fono,sunday,09:30,10:00,2026-05-09,2026-06-08,active
evt_sch_00506,I,2026-05-06 21:32:00,2026-05-06 21:33:00,sch_00414,child_079,psicoped,wednesday,16:00,18:00,2026-06-09,2026-07-09,active
evt_sch_00507,I,2026-05-06 21:34:00,2026-05-06 21:35:00,sch_00415,child_030,aba,wednesday,08:30,10:00,2026-05-09,2026-07-08,cancelled
evt_sch_00508,U,2026-05-06 21:36:00,2026-05-06 21:37:00,sch_00415,child_030,aba,wednesday,08:30,10:00,2026-05-09,2026-07-08,cancelled
evt_sch_00509,I,2026-05-06 21:38:00,2026-05-06 21:39:00,sch_00416,child_024,psico,thursday,14:00,14:45,2026-05-11,2026-06-10,active
evt_sch_00510,I,2026-05-06 21:40:00,2026-05-06 21:41:00,sch_00417,child_053,aba,wednesday,13:00,13:45,2026-06-17,2026-07-17,cancelled
evt_sch_00511,I,2026-05-06 21:42:00,2026-05-06 21:43:00,sch_00418,child_009,fono,thursday,16:00,17:30,2026-06-14,2026-07-29,paused
evt_sch_00512,I,2026-05-06 21:44:00,2026-05-06 21:45:00,sch_00419,child_032,psico,thursday,08:00,10:00,2026-06-17,2026-08-16,cancelled
evt_sch_00513,I,2026-05-06 21:46:00,2026-05-06 21:47:00,sch_00420,child_051,psicoped,saturday,16:00,18:00,2026-06-04,2026-06-18,active
evt_sch_00514,U,2026-05-06 21:48:00,2026-05-06 21:49:00,sch_00420,child_051,psicoped,saturday,16:00,18:00,2026-06-04,2026-06-18,cancelled
evt_sch_00515,I,2026-05-06 21:50:00,2026-05-06 21:51:00,sch_00421,child_059,aba,tuesday,15:00,17:00,2026-05-26,2026-06-09,active
evt_sch_00516,I,2026-05-06 21:52:00,2026-05-06 21:53:00,sch_00422,child_067,aba,tuesday,10:00,11:30,2026-05-26,2026-07-10,cancelled
evt_sch_00517,I,2026-05-06 21:54:00,2026-05-06 21:55:00,sch_00423,child_037,psico,tuesday,13:00,14:00,2026-06-09,2026-06-23,active
evt_sch_00518,I,2026-05-06 21:56:00,2026-05-06 21:57:00,sch_00424,child_019,psico,sunday,14:00,14:30,2026-06-16,2026-06-30,active
evt_sch_00519,I,2026-05-06 21:58:00,2026-05-06 21:59:00,sch_00425,child_075,psicoped,tuesday,13:00,14:30,2026-05-21,2026-07-20,active
evt_sch_00520,U,2026-05-06 22:00:00,2026-05-06 22:01:00,sch_00425,child_075,psicoped,tuesday,13:00,14:30,2026-05-21,2026-07-20,cancelled
evt_sch_00521,I,2026-05-06 22:02:00,2026-05-06 22:03:00,sch_00426,child_076,fono,thursday,08:30,09:30,2026-05-21,2026-06-20,cancelled
evt_sch_00522,I,2026-05-06 22:04:00,2026-05-06 22:05:00,sch_00427,child_016,aba,monday,14:00,15:00,2026-05-06,2026-07-05,cancelled
evt_sch_00523,I,2026-05-06 22:06:00,2026-05-06 22:07:00,sch_00428,child_066,psicoped,tuesday,13:00,15:00,2026-05-25,2026-06-08,cancelled
evt_sch_00524,I,2026-05-06 22:08:00,2026-05-06 22:09:00,sch_00429,child_043,psicoped,sunday,09:00,09:45,2026-06-25,2026-07-25,active
evt_sch_00525,I,2026-05-06 22:10:00,2026-05-06 22:11:00,sch_00430,child_007,psico,wednesday,10:00,11:30,2026-05-19,2026-06-18,active
evt_sch_00526,U,2026-05-06 22:12:00,2026-05-06 22:13:00,sch_00430,child_007,psico,wednesday,10:00,11:30,2026-05-19,2026-06-18,active
evt_sch_00527,I,2026-05-06 22:14:00,2026-05-06 22:15:00,sch_00431,child_026,aba,friday,10:00,10:30,2026-05-30,2026-07-29,paused
evt_sch_00528,I,2026-05-06 22:16:00,2026-05-06 22:17:00,sch_00432,child_070,aba,friday,14:00,14:45,2026-05-14,2026-07-13,active
evt_sch_00529,I,2026-05-06 22:18:00,2026-05-06 22:19:00,sch_00433,child_057,aba,friday,16:00,16:30,2026-05-16,2026-06-30,active
evt_sch_00530,I,2026-05-06 22:20:00,2026-05-06 22:21:00,sch_00434,child_072,fono,monday,09:00,09:45,2026-05-04,2026-06-18,active
evt_sch_00531,I,2026-05-06 22:22:00,2026-05-06 22:23:00,sch_00435,child_005,psicoped,sunday,16:00,17:00,2026-05-22,2026-06-05,active
evt_sch_00532,U,2026-05-06 22:24:00,2026-05-06 22:25:00,sch_00435,child_005,psicoped,sunday,16:00,17:00,2026-05-22,2026-06-05,cancelled
evt_sch_00533,I,2026-05-06 22:26:00,2026-05-06 22:27:00,sch_00436,child_023,fono,saturday,10:00,12:00,2026-06-12,2026-07-12,paused
evt_sch_00534,I,2026-05-06 22:28:00,2026-05-06 22:29:00,sch_00437,child_075,to,monday,08:30,09:30,2026-05-21,2026-07-05,paused
evt_sch_00535,I,2026-05-06 22:30:00,2026-05-06 22:31:00,sch_00438,child_009,psico,sunday,15:00,15:30,2026-05-19,2026-07-18,active
evt_sch_00536,I,2026-05-06 22:32:00,2026-05-06 22:33:00,sch_00439,child_036,to,friday,13:00,15:00,2026-05-14,2026-06-13,active
evt_sch_00537,I,2026-05-06 22:34:00,2026-05-06 22:35:00,sch_00440,child_014,psicoped,saturday,15:00,15:30,2026-05-31,2026-07-15,active
evt_sch_00538,U,2026-05-06 22:36:00,2026-05-06 22:37:00,sch_00440,child_014,psicoped,saturday,15:00,15:30,2026-05-31,2026-07-15,cancelled
evt_sch_00539,I,2026-05-06 22:38:00,2026-05-06 22:39:00,sch_00441,child_034,psicoped,friday,16:00,17:00,2026-06-29,2026-07-29,active
evt_sch_00540,I,2026-05-06 22:40:00,2026-05-06 22:41:00,sch_00442,child_064,psicoped,saturday,14:00,15:30,2026-06-21,2026-07-21,paused
evt_sch_00541,I,2026-05-06 22:42:00,2026-05-06 22:43:00,sch_00443,child_030,to,tuesday,08:00,08:30,2026-05-02,2026-07-01,active
evt_sch_00542,I,2026-05-06 22:44:00,2026-05-06 22:45:00,sch_00444,child_016,fono,sunday,16:00,17:30,2026-05-27,2026-06-10,active
evt_sch_00543,I,2026-05-06 22:46:00,2026-05-06 22:47:00,sch_00445,child_072,fono,monday,09:30,10:30,2026-05-17,2026-05-31,active
evt_sch_00544,U,2026-05-06 22:48:00,2026-05-06 22:49:00,sch_00445,child_072,fono,monday,09:30,10:30,2026-05-17,2026-05-31,paused
evt_sch_00545,I,2026-05-06 22:50:00,2026-05-06 22:51:00,sch_00446,child_071,to,sunday,08:00,08:30,2026-06-13,2026-07-28,active
evt_sch_00546,I,2026-05-06 22:52:00,2026-05-06 22:53:00,sch_00447,child_073,psicoped,monday,09:00,09:45,2026-05-22,2026-07-06,paused
evt_sch_00547,I,2026-05-06 22:54:00,2026-05-06 22:55:00,sch_00448,child_062,psico,sunday,08:00,08:45,2026-05-31,2026-06-30,active
evt_sch_00548,I,2026-05-06 22:56:00,2026-05-06 22:57:00,sch_00449,child_069,to,thursday,13:00,13:30,2026-06-23,2026-08-07,active
evt_sch_00549,I,2026-05-06 22:58:00,2026-05-06 22:59:00,sch_00450,child_041,psicoped,friday,08:00,08:45,2026-06-06,2026-07-21,cancelled
evt_sch_00550,U,2026-05-06 23:00:00,2026-05-06 23:01:00,sch_00450,child_041,psicoped,friday,08:00,08:45,2026-06-06,2026-07-21,cancelled
evt_sch_00551,I,2026-05-06 23:02:00,2026-05-06 23:03:00,sch_00451,child_009,fono,wednesday,08:00,09:00,2026-05-25,2026-06-24,active
evt_sch_00552,D,2026-05-06 23:04:00,2026-05-06 23:05:00,sch_00451,child_009,fono,wednesday,08:00,09:00,2026-05-25,2026-06-24,cancelled
evt_sch_00553,I,2026-05-06 23:06:00,2026-05-06 23:07:00,sch_00452,child_050,fono,friday,08:30,09:30,2026-06-15,2026-07-30,cancelled
evt_sch_00554,I,2026-05-06 23:08:00,2026-05-06 23:09:00,sch_00453,child_035,psico,monday,14:00,14:45,2026-05-24,2026-07-23,cancelled
evt_sch_00555,I,2026-05-06 23:10:00,2026-05-06 23:11:00,sch_00454,child_039,fono,friday,10:00,10:45,2026-05-08,2026-06-22,cancelled
evt_sch_00556,I,2026-05-06 23:12:00,2026-05-06 23:13:00,sch_00455,child_026,aba,thursday,15:00,15:30,2026-06-21,2026-08-20,paused
evt_sch_00557,U,2026-05-06 23:14:00,2026-05-06 23:15:00,sch_00455,child_026,aba,thursday,15:00,15:30,2026-06-21,2026-08-20,active
evt_sch_00558,I,2026-05-06 23:16:00,2026-05-06 23:17:00,sch_00456,child_025,to,thursday,15:00,16:00,2026-06-19,2026-08-03,active
evt_sch_00559,I,2026-05-06 23:18:00,2026-05-06 23:19:00,sch_00457,child_013,psicoped,saturday,09:00,09:45,2026-06-16,2026-06-30,active
evt_sch_00560,I,2026-05-06 23:20:00,2026-05-06 23:21:00,sch_00458,child_067,aba,monday,10:00,10:30,2026-06-13,2026-06-27,active
evt_sch_00561,I,2026-05-06 23:22:00,2026-05-06 23:23:00,sch_00459,child_006,aba,friday,10:00,10:30,2026-06-06,2026-07-21,active
evt_sch_00562,I,2026-05-06 23:24:00,2026-05-06 23:25:00,sch_00460,child_027,to,tuesday,09:30,10:30,2026-05-18,2026-07-02,cancelled
evt_sch_00563,U,2026-05-06 23:26:00,2026-05-06 23:27:00,sch_00460,child_027,to,tuesday,09:30,10:30,2026-05-18,2026-07-02,paused
evt_sch_00564,I,2026-05-06 23:28:00,2026-05-06 23:29:00,sch_00461,child_016,to,tuesday,09:00,10:00,2026-05-08,2026-05-22,paused
evt_sch_00565,I,2026-05-06 23:30:00,2026-05-06 23:31:00,sch_00462,child_072,psicoped,monday,09:30,11:30,2026-05-23,2026-07-07,active
evt_sch_00566,I,2026-05-06 23:32:00,2026-05-06 23:33:00,sch_00463,child_037,psicoped,tuesday,09:00,09:30,2026-05-20,2026-07-04,active
evt_sch_00567,I,2026-05-06 23:34:00,2026-05-06 23:35:00,sch_00464,child_007,fono,monday,14:00,14:30,2026-05-07,2026-07-06,active
evt_sch_00568,I,2026-05-06 23:36:00,2026-05-06 23:37:00,sch_00465,child_055,psico,tuesday,16:00,18:00,2026-06-10,2026-08-09,active
evt_sch_00569,U,2026-05-06 23:38:00,2026-05-06 23:39:00,sch_00465,child_055,psico,tuesday,16:00,18:00,2026-06-10,2026-08-09,cancelled
evt_sch_00570,I,2026-05-06 23:40:00,2026-05-06 23:41:00,sch_00466,child_043,fono,saturday,15:00,15:30,2026-06-29,2026-08-28,active
evt_sch_00571,I,2026-05-06 23:42:00,2026-05-06 23:43:00,sch_00467,child_012,psico,monday,14:00,15:00,2026-06-13,2026-08-12,active
evt_sch_00572,I,2026-05-06 23:44:00,2026-05-06 23:45:00,sch_00468,child_029,fono,sunday,16:00,17:00,2026-06-28,2026-08-12,active
evt_sch_00573,I,2026-05-06 23:46:00,2026-05-06 23:47:00,sch_00469,child_043,to,thursday,14:00,14:30,2026-05-05,2026-07-04,active
evt_sch_00574,I,2026-05-06 23:48:00,2026-05-06 23:49:00,sch_00470,child_062,psico,sunday,09:00,10:00,2026-06-19,2026-08-03,active
evt_sch_00575,U,2026-05-06 23:50:00,2026-05-06 23:51:00,sch_00470,child_062,psico,sunday,09:00,10:00,2026-06-19,2026-08-03,active
evt_sch_00576,I,2026-05-06 23:52:00,2026-05-06 23:53:00,sch_00471,child_066,aba,thursday,08:30,09:30,2026-06-05,2026-06-19,cancelled
evt_sch_00577,I,2026-05-06 23:54:00,2026-05-06 23:55:00,sch_00472,child_069,psico,thursday,16:00,17:30,2026-05-16,2026-06-15,active
evt_sch_00578,I,2026-05-06 23:56:00,2026-05-06 23:57:00,sch_00473,child_062,psico,monday,11:00,11:45,2026-06-22,2026-08-21,cancelled
evt_sch_00579,I,2026-05-06 23:58:00,2026-05-06 23:59:00,sch_00474,child_056,psicoped,sunday,11:00,13:00,2026-06-14,2026-07-14,active
evt_sch_00580,I,2026-05-07 00:00:00,2026-05-07 00:01:00,sch_00475,child_010,psicoped,sunday,14:00,14:30,2026-06-07,2026-08-06,active
evt_sch_00581,U,2026-05-07 00:02:00,2026-05-07 00:03:00,sch_00475,child_010,psicoped,sunday,14:00,14:30,2026-06-07,2026-08-06,active
evt_sch_00582,I,2026-05-07 00:04:00,2026-05-07 00:05:00,sch_00476,child_057,fono,wednesday,13:00,13:30,2026-06-08,2026-06-22,active
evt_sch_00583,I,2026-05-07 00:06:00,2026-05-07 00:07:00,sch_00477,child_077,psico,wednesday,14:00,14:30,2026-05-06,2026-06-05,cancelled
evt_sch_00584,I,2026-05-07 00:08:00,2026-05-07 00:09:00,sch_00478,child_075,aba,sunday,09:00,09:45,2026-05-29,2026-07-13,active
evt_sch_00585,I,2026-05-07 00:10:00,2026-05-07 00:11:00,sch_00479,child_074,psico,tuesday,09:30,10:30,2026-05-20,2026-07-04,paused
evt_sch_00586,I,2026-05-07 00:12:00,2026-05-07 00:13:00,sch_00480,child_056,to,monday,16:00,16:30,2026-06-09,2026-08-08,cancelled
evt_sch_00587,U,2026-05-07 00:14:00,2026-05-07 00:15:00,sch_00480,child_056,to,monday,16:00,16:30,2026-06-09,2026-08-08,cancelled
evt_sch_00588,I,2026-05-07 00:16:00,2026-05-07 00:17:00,sch_00481,child_008,to,friday,08:00,08:30,2026-06-15,2026-07-30,active
evt_sch_00589,I,2026-05-07 00:18:00,2026-05-07 00:19:00,sch_00482,child_037,aba,tuesday,13:00,15:00,2026-05-26,2026-07-10,cancelled
evt_sch_00590,I,2026-05-07 00:20:00,2026-05-07 00:21:00,sch_00483,child_052,psico,thursday,15:00,15:45,2026-06-12,2026-07-12,active
evt_sch_00591,I,2026-05-07 00:22:00,2026-05-07 00:23:00,sch_00484,child_025,psicoped,thursday,11:00,12:30,2026-05-10,2026-06-24,paused
evt_sch_00592,I,2026-05-07 00:24:00,2026-05-07 00:25:00,sch_00485,child_017,fono,monday,08:30,09:00,2026-05-10,2026-07-09,active
evt_sch_00593,U,2026-05-07 00:26:00,2026-05-07 00:27:00,sch_00485,child_017,fono,monday,08:30,09:00,2026-05-10,2026-07-09,active
evt_sch_00594,I,2026-05-07 00:28:00,2026-05-07 00:29:00,sch_00486,child_011,fono,saturday,13:00,14:30,2026-06-27,2026-08-26,active
evt_sch_00595,I,2026-05-07 00:30:00,2026-05-07 00:31:00,sch_00487,child_059,psicoped,thursday,15:00,16:30,2026-05-25,2026-07-09,active
evt_sch_00596,I,2026-05-07 00:32:00,2026-05-07 00:33:00,sch_00488,child_055,psicoped,monday,16:00,17:30,2026-06-24,2026-07-24,cancelled
evt_sch_00597,I,2026-05-07 00:34:00,2026-05-07 00:35:00,sch_00489,child_035,psico,friday,16:00,17:00,2026-05-03,2026-05-17,active
evt_sch_00598,I,2026-05-07 00:36:00,2026-05-07 00:37:00,sch_00490,child_048,aba,friday,14:00,14:30,2026-05-10,2026-06-24,active
evt_sch_00599,U,2026-05-07 00:38:00,2026-05-07 00:39:00,sch_00490,child_048,aba,friday,14:00,14:30,2026-05-10,2026-06-24,active
evt_sch_00600,I,2026-05-07 00:40:00,2026-05-07 00:41:00,sch_00491,child_067,psicoped,monday,09:30,11:00,2026-06-10,2026-06-24,active
evt_sch_00601,I,2026-05-07 00:42:00,2026-05-07 00:43:00,sch_00492,child_070,psicoped,wednesday,16:00,16:30,2026-06-27,2026-08-11,active
evt_sch_00602,D,2026-05-07 00:44:00,2026-05-07 00:45:00,sch_00492,child_070,psicoped,wednesday,16:00,16:30,2026-06-27,2026-08-11,cancelled
evt_sch_00603,I,2026-05-07 00:46:00,2026-05-07 00:47:00,sch_00493,child_002,psico,thursday,15:00,16:30,2026-06-06,2026-07-21,active
evt_sch_00604,I,2026-05-07 00:48:00,2026-05-07 00:49:00,sch_00494,child_038,to,tuesday,08:00,10:00,2026-06-17,2026-08-01,cancelled
evt_sch_00605,I,2026-05-07 00:50:00,2026-05-07 00:51:00,sch_00495,child_073,to,monday,14:00,16:00,2026-05-11,2026-05-25,active
evt_sch_00606,U,2026-05-07 00:52:00,2026-05-07 00:53:00,sch_00495,child_073,to,monday,14:00,16:00,2026-05-11,2026-05-25,cancelled
evt_sch_00607,I,2026-05-07 00:54:00,2026-05-07 00:55:00,sch_00496,child_080,aba,wednesday,14:00,14:30,2026-05-09,2026-05-23,paused
evt_sch_00608,I,2026-05-07 00:56:00,2026-05-07 00:57:00,sch_00497,child_036,to,tuesday,16:00,17:00,2026-05-18,2026-07-02,active
evt_sch_00609,I,2026-05-07 00:58:00,2026-05-07 00:59:00,sch_00498,child_015,psicoped,tuesday,16:00,16:45,2026-06-12,2026-08-11,active
evt_sch_00610,I,2026-05-07 01:00:00,2026-05-07 01:01:00,sch_00499,child_023,to,sunday,09:30,11:00,2026-05-12,2026-05-26,active
evt_sch_00611,I,2026-05-07 01:02:00,2026-05-07 01:03:00,sch_00500,child_011,fono,friday,09:00,10:30,2026-06-18,2026-08-17,cancelled
evt_sch_00612,U,2026-05-07 01:04:00,2026-05-07 01:05:00,sch_00500,child_011,fono,friday,09:00,10:30,2026-06-18,2026-08-17,active
evt_sch_00613,I,2026-05-07 01:06:00,2026-05-07 01:07:00,sch_00501,child_057,fono,tuesday,16:00,17:00,2026-05-04,2026-06-18,cancelled
evt_sch_00614,I,2026-05-07 01:08:00,2026-05-07 01:09:00,sch_00502,child_015,aba,tuesday,14:00,15:30,2026-05-31,2026-07-15,active
evt_sch_00615,I,2026-05-07 01:10:00,2026-05-07 01:11:00,sch_00503,child_069,fono,thursday,13:00,14:30,2026-05-17,2026-06-16,active
evt_sch_00616,I,2026-05-07 01:12:00,2026-05-07 01:13:00,sch_00504,child_056,aba,wednesday,14:00,15:30,2026-06-13,2026-07-28,paused
evt_sch_00617,I,2026-05-07 01:14:00,2026-05-07 01:15:00,sch_00505,child_006,aba,friday,11:00,12:30,2026-06-09,2026-07-24,active
evt_sch_00618,U,2026-05-07 01:16:00,2026-05-07 01:17:00,sch_00505,child_006,aba,friday,11:00,12:30,2026-06-09,2026-07-24,cancelled
evt_sch_00619,I,2026-05-07 01:18:00,2026-05-07 01:19:00,sch_00506,child_013,to,saturday,16:00,17:30,2026-05-30,2026-06-29,cancelled
evt_sch_00620,I,2026-05-07 01:20:00,2026-05-07 01:21:00,sch_00507,child_076,fono,friday,11:00,11:45,2026-05-21,2026-06-04,active
evt_sch_00621,I,2026-05-07 01:22:00,2026-05-07 01:23:00,sch_00508,child_009,aba,thursday,08:30,10:30,2026-05-07,2026-07-06,active
evt_sch_00622,I,2026-05-07 01:24:00,2026-05-07 01:25:00,sch_00509,child_037,to,tuesday,08:00,08:30,2026-06-09,2026-06-23,active
evt_sch_00623,I,2026-05-07 01:26:00,2026-05-07 01:27:00,sch_00510,child_077,fono,friday,08:30,09:00,2026-05-06,2026-06-05,active
evt_sch_00624,U,2026-05-07 01:28:00,2026-05-07 01:29:00,sch_00510,child_077,fono,friday,08:30,09:00,2026-05-06,2026-06-05,paused
evt_sch_00625,I,2026-05-07 01:30:00,2026-05-07 01:31:00,sch_00511,child_073,fono,monday,09:00,10:00,2026-05-19,2026-07-18,active
evt_sch_00626,I,2026-05-07 01:32:00,2026-05-07 01:33:00,sch_00512,child_010,psico,wednesday,13:00,14:00,2026-05-17,2026-06-16,cancelled
evt_sch_00627,I,2026-05-07 01:34:00,2026-05-07 01:35:00,sch_00513,child_036,aba,thursday,13:00,14:00,2026-05-04,2026-06-18,paused
evt_sch_00628,I,2026-05-07 01:36:00,2026-05-07 01:37:00,sch_00514,child_034,fono,thursday,08:30,10:00,2026-06-29,2026-07-29,active
evt_sch_00629,I,2026-05-07 01:38:00,2026-05-07 01:39:00,sch_00515,child_023,psico,monday,09:00,11:00,2026-06-19,2026-08-18,active
evt_sch_00630,U,2026-05-07 01:40:00,2026-05-07 01:41:00,sch_00515,child_023,psico,monday,09:00,11:00,2026-06-19,2026-08-18,paused
evt_sch_00631,I,2026-05-07 01:42:00,2026-05-07 01:43:00,sch_00516,child_014,psico,saturday,10:00,10:30,2026-05-03,2026-05-17,active
evt_sch_00632,I,2026-05-07 01:44:00,2026-05-07 01:45:00,sch_00517,child_033,psico,monday,14:00,14:45,2026-06-11,2026-06-25,paused
evt_sch_00633,I,2026-05-07 01:46:00,2026-05-07 01:47:00,sch_00518,child_050,to,tuesday,11:00,12:30,2026-06-06,2026-06-20,active
evt_sch_00634,I,2026-05-07 01:48:00,2026-05-07 01:49:00,sch_00519,child_063,psico,thursday,13:00,13:30,2026-06-04,2026-07-04,active
evt_sch_00635,I,2026-05-07 01:50:00,2026-05-07 01:51:00,sch_00520,child_062,aba,friday,15:00,16:00,2026-05-22,2026-07-06,active
evt_sch_00636,U,2026-05-07 01:52:00,2026-05-07 01:53:00,sch_00520,child_062,aba,friday,15:00,16:00,2026-05-22,2026-07-06,paused
evt_sch_00637,I,2026-05-07 01:54:00,2026-05-07 01:55:00,sch_00521,child_012,to,friday,11:00,11:30,2026-06-23,2026-08-22,cancelled
evt_sch_00638,I,2026-05-07 01:56:00,2026-05-07 01:57:00,sch_00522,child_038,fono,tuesday,15:00,15:30,2026-05-25,2026-06-24,active
evt_sch_00639,I,2026-05-07 01:58:00,2026-05-07 01:59:00,sch_00523,child_050,aba,saturday,11:00,12:30,2026-05-06,2026-07-05,cancelled
evt_sch_00640,I,2026-05-07 02:00:00,2026-05-07 02:01:00,sch_00524,child_018,aba,tuesday,08:00,10:00,2026-05-16,2026-07-15,active
evt_sch_00641,I,2026-05-07 02:02:00,2026-05-07 02:03:00,sch_00525,child_070,to,thursday,15:00,16:30,2026-05-02,2026-05-16,active
evt_sch_00642,U,2026-05-07 02:04:00,2026-05-07 02:05:00,sch_00525,child_070,to,thursday,15:00,16:30,2026-05-02,2026-05-16,cancelled
evt_sch_00643,I,2026-05-07 02:06:00,2026-05-07 02:07:00,sch_00526,child_006,psico,monday,09:30,11:30,2026-05-30,2026-06-29,cancelled
evt_sch_00644,I,2026-05-07 02:08:00,2026-05-07 02:09:00,sch_00527,child_030,aba,monday,09:00,10:30,2026-06-11,2026-06-25,active
evt_sch_00645,I,2026-05-07 02:10:00,2026-05-07 02:11:00,sch_00528,child_080,aba,tuesday,09:00,09:30,2026-05-12,2026-05-26,paused
evt_sch_00646,I,2026-05-07 02:12:00,2026-05-07 02:13:00,sch_00529,child_013,psico,friday,09:00,11:00,2026-05-05,2026-05-19,active
evt_sch_00647,I,2026-05-07 02:14:00,2026-05-07 02:15:00,sch_00530,child_077,psicoped,tuesday,08:30,09:15,2026-05-28,2026-07-12,cancelled
evt_sch_00648,U,2026-05-07 02:16:00,2026-05-07 02:17:00,sch_00530,child_077,psicoped,tuesday,08:30,09:15,2026-05-28,2026-07-12,paused
evt_sch_00649,I,2026-05-07 02:18:00,2026-05-07 02:19:00,sch_00531,child_052,to,monday,16:00,18:00,2026-05-09,2026-06-23,cancelled
evt_sch_00650,I,2026-05-07 02:20:00,2026-05-07 02:21:00,sch_00532,child_028,aba,friday,09:00,10:00,2026-05-05,2026-05-19,active
evt_sch_00651,I,2026-05-07 02:22:00,2026-05-07 02:23:00,sch_00533,child_054,fono,saturday,11:00,13:00,2026-05-11,2026-07-10,active
evt_sch_00652,D,2026-05-07 02:24:00,2026-05-07 02:25:00,sch_00533,child_054,fono,saturday,11:00,13:00,2026-05-11,2026-07-10,cancelled
evt_sch_00653,I,2026-05-07 02:26:00,2026-05-07 02:27:00,sch_00534,child_075,aba,tuesday,08:30,10:30,2026-05-25,2026-06-24,active
evt_sch_00654,I,2026-05-07 02:28:00,2026-05-07 02:29:00,sch_00535,child_063,aba,monday,08:00,08:45,2026-06-29,2026-07-13,cancelled
evt_sch_00655,U,2026-05-07 02:30:00,2026-05-07 02:31:00,sch_00535,child_063,aba,monday,08:00,08:45,2026-06-29,2026-07-13,paused
evt_sch_00656,I,2026-05-07 02:32:00,2026-05-07 02:33:00,sch_00536,child_037,psico,saturday,14:00,14:45,2026-05-14,2026-06-13,active
evt_sch_00657,I,2026-05-07 02:34:00,2026-05-07 02:35:00,sch_00537,child_067,psico,thursday,09:30,10:15,2026-06-09,2026-06-23,active
evt_sch_00658,I,2026-05-07 02:36:00,2026-05-07 02:37:00,sch_00538,child_064,psicoped,monday,10:00,11:00,2026-05-27,2026-06-10,active
evt_sch_00659,I,2026-05-07 02:38:00,2026-05-07 02:39:00,sch_00539,child_025,aba,friday,08:30,10:30,2026-05-24,2026-06-23,active
evt_sch_00660,I,2026-05-07 02:40:00,2026-05-07 02:41:00,sch_00540,child_027,to,monday,09:30,10:00,2026-06-20,2026-07-20,active
evt_sch_00661,U,2026-05-07 02:42:00,2026-05-07 02:43:00,sch_00540,child_027,to,monday,09:30,10:00,2026-06-20,2026-07-20,cancelled
evt_sch_00662,I,2026-05-07 02:44:00,2026-05-07 02:45:00,sch_00541,child_064,fono,tuesday,08:00,08:30,2026-06-11,2026-07-26,active
evt_sch_00663,I,2026-05-07 02:46:00,2026-05-07 02:47:00,sch_00542,child_056,to,wednesday,16:00,17:30,2026-05-03,2026-05-17,cancelled
evt_sch_00664,I,2026-05-07 02:48:00,2026-05-07 02:49:00,sch_00543,child_069,fono,tuesday,08:00,09:30,2026-06-02,2026-06-16,active
evt_sch_00665,I,2026-05-07 02:50:00,2026-05-07 02:51:00,sch_00544,child_031,psico,friday,16:00,17:00,2026-05-27,2026-06-26,cancelled
evt_sch_00666,I,2026-05-07 02:52:00,2026-05-07 02:53:00,sch_00545,child_042,fono,sunday,08:30,09:30,2026-05-15,2026-05-29,active
evt_sch_00667,U,2026-05-07 02:54:00,2026-05-07 02:55:00,sch_00545,child_042,fono,sunday,08:30,09:30,2026-05-15,2026-05-29,cancelled
evt_sch_00668,I,2026-05-07 02:56:00,2026-05-07 02:57:00,sch_00546,child_026,psico,tuesday,08:30,10:00,2026-06-07,2026-08-06,active
evt_sch_00669,I,2026-05-07 02:58:00,2026-05-07 02:59:00,sch_00547,child_056,fono,tuesday,16:00,17:30,2026-05-12,2026-07-11,active
evt_sch_00670,I,2026-05-07 03:00:00,2026-05-07 03:01:00,sch_00548,child_059,fono,saturday,11:00,12:00,2026-05-13,2026-06-27,active
evt_sch_00671,I,2026-05-07 03:02:00,2026-05-07 03:03:00,sch_00549,child_073,aba,wednesday,09:00,09:30,2026-06-24,2026-08-23,active
evt_sch_00672,I,2026-05-07 03:04:00,2026-05-07 03:05:00,sch_00550,child_022,to,tuesday,10:00,12:00,2026-05-11,2026-06-10,active
evt_sch_00673,U,2026-05-07 03:06:00,2026-05-07 03:07:00,sch_00550,child_022,to,tuesday,10:00,12:00,2026-05-11,2026-06-10,paused
evt_sch_00674,I,2026-05-07 03:08:00,2026-05-07 03:09:00,sch_00551,child_030,aba,thursday,15:00,16:30,2026-06-25,2026-07-25,active
evt_sch_00675,I,2026-05-07 03:10:00,2026-05-07 03:11:00,sch_00552,child_060,to,monday,13:00,13:45,2026-05-16,2026-06-30,active
evt_sch_00676,I,2026-05-07 03:12:00,2026-05-07 03:13:00,sch_00553,child_029,psicoped,tuesday,16:00,16:30,2026-05-27,2026-06-10,active
evt_sch_00677,I,2026-05-07 03:14:00,2026-05-07 03:15:00,sch_00554,child_061,psicoped,monday,13:00,15:00,2026-05-26,2026-07-25,cancelled
evt_sch_00678,I,2026-05-07 03:16:00,2026-05-07 03:17:00,sch_00555,child_013,psico,thursday,09:30,10:00,2026-06-05,2026-06-19,active
evt_sch_00679,U,2026-05-07 03:18:00,2026-05-07 03:19:00,sch_00555,child_013,psico,thursday,09:30,10:00,2026-06-05,2026-06-19,cancelled
evt_sch_00680,I,2026-05-07 03:20:00,2026-05-07 03:21:00,sch_00556,child_028,fono,wednesday,10:00,10:45,2026-06-11,2026-06-25,active
evt_sch_00681,I,2026-05-07 03:22:00,2026-05-07 03:23:00,sch_00557,child_040,fono,saturday,14:00,16:00,2026-06-17,2026-07-01,paused
evt_sch_00682,I,2026-05-07 03:24:00,2026-05-07 03:25:00,sch_00558,child_060,fono,sunday,13:00,13:45,2026-06-20,2026-08-04,active
evt_sch_00683,I,2026-05-07 03:26:00,2026-05-07 03:27:00,sch_00559,child_001,aba,thursday,11:00,13:00,2026-05-03,2026-06-17,active
evt_sch_00684,I,2026-05-07 03:28:00,2026-05-07 03:29:00,sch_00560,child_035,psicoped,friday,16:00,16:45,2026-06-20,2026-07-04,active
evt_sch_00685,U,2026-05-07 03:30:00,2026-05-07 03:31:00,sch_00560,child_035,psicoped,friday,16:00,16:45,2026-06-20,2026-07-04,cancelled
evt_sch_00686,I,2026-05-07 03:32:00,2026-05-07 03:33:00,sch_00561,child_008,psicoped,saturday,11:00,11:30,2026-05-08,2026-07-07,active
evt_sch_00687,I,2026-05-07 03:34:00,2026-05-07 03:35:00,sch_00562,child_080,aba,wednesday,11:00,11:45,2026-06-11,2026-06-25,active
evt_sch_00688,I,2026-05-07 03:36:00,2026-05-07 03:37:00,sch_00563,child_027,fono,wednesday,09:30,11:30,2026-05-08,2026-07-07,cancelled
evt_sch_00689,I,2026-05-07 03:38:00,2026-05-07 03:39:00,sch_00564,child_075,fono,sunday,09:30,10:30,2026-05-23,2026-07-07,active
evt_sch_00690,I,2026-05-07 03:40:00,2026-05-07 03:41:00,sch_00565,child_055,to,monday,08:30,09:30,2026-05-23,2026-07-22,active
evt_sch_00691,U,2026-05-07 03:42:00,2026-05-07 03:43:00,sch_00565,child_055,to,monday,08:30,09:30,2026-05-23,2026-07-22,paused
evt_sch_00692,I,2026-05-07 03:44:00,2026-05-07 03:45:00,sch_00566,child_016,psico,saturday,15:00,17:00,2026-06-27,2026-08-11,active
evt_sch_00693,I,2026-05-07 03:46:00,2026-05-07 03:47:00,sch_00567,child_048,aba,tuesday,14:00,14:30,2026-05-06,2026-07-05,paused
evt_sch_00694,I,2026-05-07 03:48:00,2026-05-07 03:49:00,sch_00568,child_037,aba,monday,09:00,10:00,2026-05-08,2026-06-07,active
evt_sch_00695,I,2026-05-07 03:50:00,2026-05-07 03:51:00,sch_00569,child_027,psicoped,saturday,08:00,09:00,2026-05-27,2026-06-26,active
evt_sch_00696,I,2026-05-07 03:52:00,2026-05-07 03:53:00,sch_00570,child_054,psico,saturday,08:00,09:00,2026-05-13,2026-05-27,active
evt_sch_00697,U,2026-05-07 03:54:00,2026-05-07 03:55:00,sch_00570,child_054,psico,saturday,08:00,09:00,2026-05-13,2026-05-27,active
evt_sch_00698,I,2026-05-07 03:56:00,2026-05-07 03:57:00,sch_00571,child_067,to,thursday,16:00,17:00,2026-06-11,2026-07-26,active
evt_sch_00699,I,2026-05-07 03:58:00,2026-05-07 03:59:00,sch_00572,child_068,psicoped,thursday,14:00,15:00,2026-06-06,2026-07-06,paused
evt_sch_00700,I,2026-05-07 04:00:00,2026-05-07 04:01:00,sch_00573,child_040,fono,sunday,10:00,10:45,2026-05-31,2026-07-15,paused
evt_sch_00701,I,2026-05-07 04:02:00,2026-05-07 04:03:00,sch_00574,child_007,fono,wednesday,10:00,11:30,2026-05-11,2026-06-10,cancelled
evt_sch_00702,D,2026-05-07 04:04:00,2026-05-07 04:05:00,sch_00574,child_007,fono,wednesday,10:00,11:30,2026-05-11,2026-06-10,cancelled
evt_sch_00703,I,2026-05-07 04:06:00,2026-05-07 04:07:00,sch_00575,child_037,fono,tuesday,09:00,09:45,2026-05-16,2026-05-30,active
evt_sch_00704,U,2026-05-07 04:08:00,2026-05-07 04:09:00,sch_00575,child_037,fono,tuesday,09:00,09:45,2026-05-16,2026-05-30,cancelled
evt_sch_00705,I,2026-05-07 04:10:00,2026-05-07 04:11:00,sch_00576,child_074,fono,thursday,10:00,11:00,2026-05-12,2026-06-11,active
evt_sch_00706,I,2026-05-07 04:12:00,2026-05-07 04:13:00,sch_00577,child_005,to,wednesday,09:00,10:00,2026-05-29,2026-06-28,active
evt_sch_00707,I,2026-05-07 04:14:00,2026-05-07 04:15:00,sch_00578,child_016,aba,thursday,14:00,14:45,2026-06-30,2026-08-29,paused
evt_sch_00708,I,2026-05-07 04:16:00,2026-05-07 04:17:00,sch_00579,child_020,aba,saturday,15:00,17:00,2026-05-22,2026-07-06,active
evt_sch_00709,I,2026-05-07 04:18:00,2026-05-07 04:19:00,sch_00580,child_038,psicoped,saturday,09:00,11:00,2026-06-16,2026-08-15,active
evt_sch_00710,U,2026-05-07 04:20:00,2026-05-07 04:21:00,sch_00580,child_038,psicoped,saturday,09:00,11:00,2026-06-16,2026-08-15,active
evt_sch_00711,I,2026-05-07 04:22:00,2026-05-07 04:23:00,sch_00581,child_062,aba,tuesday,15:00,15:30,2026-05-20,2026-06-03,active
evt_sch_00712,I,2026-05-07 04:24:00,2026-05-07 04:25:00,sch_00582,child_029,psico,wednesday,08:30,09:30,2026-05-04,2026-06-03,active
evt_sch_00713,I,2026-05-07 04:26:00,2026-05-07 04:27:00,sch_00583,child_029,to,tuesday,08:00,08:30,2026-06-04,2026-08-03,active
evt_sch_00714,I,2026-05-07 04:28:00,2026-05-07 04:29:00,sch_00584,child_012,psicoped,thursday,09:30,11:00,2026-05-21,2026-06-04,paused
evt_sch_00715,I,2026-05-07 04:30:00,2026-05-07 04:31:00,sch_00585,child_047,psico,tuesday,13:00,14:00,2026-05-25,2026-07-09,active
evt_sch_00716,U,2026-05-07 04:32:00,2026-05-07 04:33:00,sch_00585,child_047,psico,tuesday,13:00,14:00,2026-05-25,2026-07-09,cancelled
evt_sch_00717,I,2026-05-07 04:34:00,2026-05-07 04:35:00,sch_00586,child_045,to,thursday,15:00,15:30,2026-05-14,2026-07-13,cancelled
evt_sch_00718,I,2026-05-07 04:36:00,2026-05-07 04:37:00,sch_00587,child_054,psico,wednesday,09:00,10:30,2026-06-16,2026-08-15,active
evt_sch_00719,I,2026-05-07 04:38:00,2026-05-07 04:39:00,sch_00588,child_076,psicoped,monday,09:00,09:45,2026-05-20,2026-07-19,paused
evt_sch_00720,I,2026-05-07 04:40:00,2026-05-07 04:41:00,sch_00589,child_068,to,monday,16:00,17:30,2026-05-06,2026-05-20,active
evt_sch_00721,I,2026-05-07 04:42:00,2026-05-07 04:43:00,sch_00590,child_035,psico,tuesday,15:00,16:30,2026-06-15,2026-07-15,active
evt_sch_00722,U,2026-05-07 04:44:00,2026-05-07 04:45:00,sch_00590,child_035,psico,tuesday,15:00,16:30,2026-06-15,2026-07-15,cancelled
evt_sch_00723,I,2026-05-07 04:46:00,2026-05-07 04:47:00,sch_00591,child_038,psicoped,thursday,08:00,09:00,2026-06-23,2026-08-07,active
evt_sch_00724,I,2026-05-07 04:48:00,2026-05-07 04:49:00,sch_00592,child_060,fono,monday,08:00,08:45,2026-05-17,2026-07-01,paused
evt_sch_00725,I,2026-05-07 04:50:00,2026-05-07 04:51:00,sch_00593,child_061,aba,saturday,10:00,11:30,2026-05-12,2026-07-11,paused
evt_sch_00726,I,2026-05-07 04:52:00,2026-05-07 04:53:00,sch_00594,child_032,aba,monday,10:00,11:30,2026-05-05,2026-06-19,active
evt_sch_00727,I,2026-05-07 04:54:00,2026-05-07 04:55:00,sch_00595,child_073,psico,sunday,10:00,11:30,2026-06-14,2026-06-28,active
evt_sch_00728,U,2026-05-07 04:56:00,2026-05-07 04:57:00,sch_00595,child_073,psico,sunday,10:00,11:30,2026-06-14,2026-06-28,paused
evt_sch_00729,I,2026-05-07 04:58:00,2026-05-07 04:59:00,sch_00596,child_074,aba,sunday,10:00,10:45,2026-06-07,2026-06-21,active
evt_sch_00730,I,2026-05-07 05:00:00,2026-05-07 05:01:00,sch_00597,child_060,fono,wednesday,09:00,09:30,2026-05-18,2026-07-02,active
evt_sch_00731,I,2026-05-07 05:02:00,2026-05-07 05:03:00,sch_00598,child_046,aba,wednesday,10:00,12:00,2026-06-10,2026-06-24,active
evt_sch_00732,I,2026-05-07 05:04:00,2026-05-07 05:05:00,sch_00599,child_024,aba,friday,09:00,11:00,2026-05-21,2026-07-05,cancelled
evt_sch_00733,I,2026-05-07 05:06:00,2026-05-07 05:07:00,sch_00600,child_039,to,saturday,11:00,11:30,2026-06-04,2026-07-19,cancelled
evt_sch_00734,U,2026-05-07 05:08:00,2026-05-07 05:09:00,sch_00600,child_039,to,saturday,11:00,11:30,2026-06-04,2026-07-19,active
evt_sch_00735,I,2026-05-07 05:10:00,2026-05-07 05:11:00,sch_00601,child_018,psicoped,wednesday,11:00,12:30,2026-05-27,2026-07-11,paused
evt_sch_00736,I,2026-05-07 05:12:00,2026-05-07 05:13:00,sch_00602,child_021,aba,tuesday,09:00,11:00,2026-05-15,2026-06-14,cancelled
evt_sch_00737,I,2026-05-07 05:14:00,2026-05-07 05:15:00,sch_00603,child_072,psicoped,saturday,15:00,17:00,2026-06-15,2026-06-29,active
evt_sch_00738,I,2026-05-07 05:16:00,2026-05-07 05:17:00,sch_00604,child_010,aba,sunday,09:00,09:30,2026-05-31,2026-07-15,active
evt_sch_00739,I,2026-05-07 05:18:00,2026-05-07 05:19:00,sch_00605,child_047,fono,sunday,14:00,16:00,2026-06-03,2026-07-18,active
evt_sch_00740,U,2026-05-07 05:20:00,2026-05-07 05:21:00,sch_00605,child_047,fono,sunday,14:00,16:00,2026-06-03,2026-07-18,cancelled
evt_sch_00741,I,2026-05-07 05:22:00,2026-05-07 05:23:00,sch_00606,child_004,aba,tuesday,09:00,09:45,2026-06-14,2026-07-14,active
evt_sch_00742,I,2026-05-07 05:24:00,2026-05-07 05:25:00,sch_00607,child_027,fono,monday,13:00,13:30,2026-05-05,2026-05-19,cancelled
evt_sch_00743,I,2026-05-07 05:26:00,2026-05-07 05:27:00,sch_00608,child_056,aba,tuesday,08:30,09:00,2026-06-20,2026-07-04,active
evt_sch_00744,I,2026-05-07 05:28:00,2026-05-07 05:29:00,sch_00609,child_033,aba,monday,10:00,10:30,2026-06-18,2026-07-02,cancelled
evt_sch_00745,I,2026-05-07 05:30:00,2026-05-07 05:31:00,sch_00610,child_078,fono,friday,09:30,10:15,2026-06-12,2026-07-27,active
evt_sch_00746,U,2026-05-07 05:32:00,2026-05-07 05:33:00,sch_00610,child_078,fono,friday,09:30,10:15,2026-06-12,2026-07-27,active
evt_sch_00747,I,2026-05-07 05:34:00,2026-05-07 05:35:00,sch_00611,child_036,psicoped,wednesday,11:00,11:45,2026-06-24,2026-07-24,active
evt_sch_00748,I,2026-05-07 05:36:00,2026-05-07 05:37:00,sch_00612,child_009,aba,sunday,16:00,16:30,2026-06-03,2026-07-03,cancelled
evt_sch_00749,I,2026-05-07 05:38:00,2026-05-07 05:39:00,sch_00613,child_037,fono,sunday,15:00,15:30,2026-06-16,2026-06-30,paused
evt_sch_00750,I,2026-05-07 05:40:00,2026-05-07 05:41:00,sch_00614,child_065,psico,wednesday,16:00,16:45,2026-05-29,2026-06-12,active
evt_sch_00751,I,2026-05-07 05:42:00,2026-05-07 05:43:00,sch_00615,child_046,psico,thursday,09:30,11:30,2026-05-15,2026-07-14,active
evt_sch_00752,U,2026-05-07 05:44:00,2026-05-07 05:45:00,sch_00615,child_046,psico,thursday,09:30,11:30,2026-05-15,2026-07-14,cancelled
evt_sch_00753,D,2026-05-07 05:46:00,2026-05-07 05:47:00,sch_00615,child_046,psico,thursday,09:30,11:30,2026-05-15,2026-07-14,cancelled
evt_sch_00754,I,2026-05-07 05:48:00,2026-05-07 05:49:00,sch_00616,child_016,psico,monday,15:00,15:45,2026-06-01,2026-07-16,cancelled
evt_sch_00755,I,2026-05-07 05:50:00,2026-05-07 05:51:00,sch_00617,child_072,aba,monday,11:00,12:30,2026-05-08,2026-07-07,active
evt_sch_00756,I,2026-05-07 05:52:00,2026-05-07 05:53:00,sch_00618,child_077,to,saturday,14:00,14:45,2026-06-05,2026-08-04,active
evt_sch_00757,I,2026-05-07 05:54:00,2026-05-07 05:55:00,sch_00619,child_055,fono,sunday,08:30,10:00,2026-06-30,2026-08-14,active
evt_sch_00758,I,2026-05-07 05:56:00,2026-05-07 05:57:00,sch_00620,child_063,aba,thursday,14:00,16:00,2026-06-12,2026-06-26,active
evt_sch_00759,U,2026-05-07 05:58:00,2026-05-07 05:59:00,sch_00620,child_063,aba,thursday,14:00,16:00,2026-06-12,2026-06-26,cancelled
evt_sch_00760,I,2026-05-07 06:00:00,2026-05-07 06:01:00,sch_00621,child_052,psicoped,monday,09:00,09:30,2026-05-24,2026-06-23,active
evt_sch_00761,I,2026-05-07 06:02:00,2026-05-07 06:03:00,sch_00622,child_077,psico,monday,09:30,11:00,2026-06-16,2026-08-15,active
evt_sch_00762,I,2026-05-07 06:04:00,2026-05-07 06:05:00,sch_00623,child_075,psicoped,wednesday,13:00,14:00,2026-05-31,2026-07-30,paused
evt_sch_00763,I,2026-05-07 06:06:00,2026-05-07 06:07:00,sch_00624,child_066,to,tuesday,14:00,14:30,2026-05-08,2026-06-22,active
evt_sch_00764,I,2026-05-07 06:08:00,2026-05-07 06:09:00,sch_00625,child_030,fono,monday,08:30,09:00,2026-06-23,2026-07-07,active
evt_sch_00765,U,2026-05-07 06:10:00,2026-05-07 06:11:00,sch_00625,child_030,fono,monday,08:30,09:00,2026-06-23,2026-07-07,active
evt_sch_00766,I,2026-05-07 06:12:00,2026-05-07 06:13:00,sch_00626,child_023,psico,friday,11:00,11:45,2026-05-20,2026-06-03,cancelled
evt_sch_00767,I,2026-05-07 06:14:00,2026-05-07 06:15:00,sch_00627,child_067,psico,sunday,14:00,14:45,2026-05-19,2026-07-18,active
evt_sch_00768,I,2026-05-07 06:16:00,2026-05-07 06:17:00,sch_00628,child_034,psicoped,wednesday,15:00,17:00,2026-05-02,2026-05-16,paused
evt_sch_00769,I,2026-05-07 06:18:00,2026-05-07 06:19:00,sch_00629,child_016,psico,thursday,11:00,12:30,2026-05-29,2026-07-28,active
evt_sch_00770,I,2026-05-07 06:20:00,2026-05-07 06:21:00,sch_00630,child_023,psicoped,saturday,10:00,10:45,2026-06-01,2026-07-31,active
evt_sch_00771,U,2026-05-07 06:22:00,2026-05-07 06:23:00,sch_00630,child_023,psicoped,saturday,10:00,10:45,2026-06-01,2026-07-31,paused
evt_sch_00772,I,2026-05-07 06:24:00,2026-05-07 06:25:00,sch_00631,child_050,psico,sunday,08:30,10:30,2026-06-13,2026-08-12,active
evt_sch_00773,I,2026-05-07 06:26:00,2026-05-07 06:27:00,sch_00632,child_070,psicoped,thursday,14:00,16:00,2026-06-24,2026-07-24,active
evt_sch_00774,I,2026-05-07 06:28:00,2026-05-07 06:29:00,sch_00633,child_051,to,thursday,16:00,17:30,2026-06-09,2026-07-24,cancelled
evt_sch_00775,I,2026-05-07 06:30:00,2026-05-07 06:31:00,sch_00634,child_037,to,monday,08:00,10:00,2026-05-03,2026-06-02,cancelled
evt_sch_00776,I,2026-05-07 06:32:00,2026-05-07 06:33:00,sch_00635,child_045,psicoped,monday,11:00,12:30,2026-05-07,2026-07-06,active
evt_sch_00777,U,2026-05-07 06:34:00,2026-05-07 06:35:00,sch_00635,child_045,psicoped,monday,11:00,12:30,2026-05-07,2026-07-06,cancelled
evt_sch_00778,I,2026-05-07 06:36:00,2026-05-07 06:37:00,sch_00636,child_053,to,monday,09:30,10:15,2026-05-16,2026-06-30,active
evt_sch_00779,I,2026-05-07 06:38:00,2026-05-07 06:39:00,sch_00637,child_009,to,monday,11:00,11:45,2026-05-02,2026-06-16,active
evt_sch_00780,I,2026-05-07 06:40:00,2026-05-07 06:41:00,sch_00638,child_055,psicoped,friday,13:00,14:00,2026-05-02,2026-07-01,active
evt_sch_00781,I,2026-05-07 06:42:00,2026-05-07 06:43:00,sch_00639,child_041,psico,friday,13:00,14:00,2026-06-06,2026-06-20,cancelled
evt_sch_00782,I,2026-05-07 06:44:00,2026-05-07 06:45:00,sch_00640,child_013,fono,wednesday,14:00,16:00,2026-06-21,2026-08-05,active
evt_sch_00783,U,2026-05-07 06:46:00,2026-05-07 06:47:00,sch_00640,child_013,fono,wednesday,14:00,16:00,2026-06-21,2026-08-05,cancelled
evt_sch_00784,I,2026-05-07 06:48:00,2026-05-07 06:49:00,sch_00641,child_047,psico,tuesday,14:00,14:30,2026-06-23,2026-07-23,active
evt_sch_00785,I,2026-05-07 06:50:00,2026-05-07 06:51:00,sch_00642,child_007,to,friday,13:00,13:45,2026-06-09,2026-06-23,cancelled
evt_sch_00786,I,2026-05-07 06:52:00,2026-05-07 06:53:00,sch_00643,child_075,aba,friday,11:00,12:00,2026-05-05,2026-07-04,active
evt_sch_00787,I,2026-05-07 06:54:00,2026-05-07 06:55:00,sch_00644,child_045,aba,saturday,10:00,12:00,2026-06-21,2026-08-05,active
evt_sch_00788,I,2026-05-07 06:56:00,2026-05-07 06:57:00,sch_00645,child_070,to,tuesday,13:00,14:30,2026-05-17,2026-07-16,active
evt_sch_00789,U,2026-05-07 06:58:00,2026-05-07 06:59:00,sch_00645,child_070,to,tuesday,13:00,14:30,2026-05-17,2026-07-16,paused
evt_sch_00790,I,2026-05-07 07:00:00,2026-05-07 07:01:00,sch_00646,child_024,aba,saturday,15:00,15:45,2026-06-06,2026-08-05,active
evt_sch_00791,I,2026-05-07 07:02:00,2026-05-07 07:03:00,sch_00647,child_060,to,saturday,15:00,17:00,2026-06-24,2026-08-23,paused
evt_sch_00792,I,2026-05-07 07:04:00,2026-05-07 07:05:00,sch_00648,child_008,psicoped,tuesday,11:00,12:30,2026-05-10,2026-06-09,active
evt_sch_00793,I,2026-05-07 07:06:00,2026-05-07 07:07:00,sch_00649,child_039,psico,thursday,11:00,11:30,2026-06-10,2026-07-10,cancelled
evt_sch_00794,I,2026-05-07 07:08:00,2026-05-07 07:09:00,sch_00650,child_035,to,saturday,09:00,10:00,2026-06-13,2026-07-13,active
evt_sch_00795,U,2026-05-07 07:10:00,2026-05-07 07:11:00,sch_00650,child_035,to,saturday,09:00,10:00,2026-06-13,2026-07-13,active
evt_sch_00796,I,2026-05-07 07:12:00,2026-05-07 07:13:00,sch_00651,child_020,fono,monday,09:30,10:30,2026-05-30,2026-07-29,active
evt_sch_00797,I,2026-05-07 07:14:00,2026-05-07 07:15:00,sch_00652,child_056,psico,saturday,08:00,08:45,2026-05-11,2026-06-25,active
evt_sch_00798,I,2026-05-07 07:16:00,2026-05-07 07:17:00,sch_00653,child_034,to,saturday,15:00,15:45,2026-06-11,2026-06-25,paused
evt_sch_00799,I,2026-05-07 07:18:00,2026-05-07 07:19:00,sch_00654,child_063,aba,monday,08:30,09:30,2026-06-08,2026-07-23,paused
evt_sch_00800,I,2026-05-07 07:20:00,2026-05-07 07:21:00,sch_00655,child_053,to,saturday,08:30,10:00,2026-06-30,2026-07-30,active
evt_sch_00801,U,2026-05-07 07:22:00,2026-05-07 07:23:00,sch_00655,child_053,to,saturday,08:30,10:00,2026-06-30,2026-07-30,paused
evt_sch_00802,I,2026-05-07 07:24:00,2026-05-07 07:25:00,sch_00656,child_065,aba,friday,16:00,18:00,2026-05-17,2026-07-16,paused
evt_sch_00803,D,2026-05-07 07:26:00,2026-05-07 07:27:00,sch_00656,child_065,aba,friday,16:00,18:00,2026-05-17,2026-07-16,cancelled
evt_sch_00804,I,2026-05-07 07:28:00,2026-05-07 07:29:00,sch_00657,child_031,psicoped,monday,11:00,12:00,2026-06-23,2026-08-22,cancelled
evt_sch_00805,I,2026-05-07 07:30:00,2026-05-07 07:31:00,sch_00658,child_031,psico,tuesday,09:00,09:30,2026-05-12,2026-06-11,paused
evt_sch_00806,I,2026-05-07 07:32:00,2026-05-07 07:33:00,sch_00659,child_057,psico,wednesday,16:00,16:30,2026-06-01,2026-07-16,active
evt_sch_00807,I,2026-05-07 07:34:00,2026-05-07 07:35:00,sch_00660,child_015,to,friday,13:00,14:30,2026-06-13,2026-07-13,paused
evt_sch_00808,U,2026-05-07 07:36:00,2026-05-07 07:37:00,sch_00660,child_015,to,friday,13:00,14:30,2026-06-13,2026-07-13,active
evt_sch_00809,I,2026-05-07 07:38:00,2026-05-07 07:39:00,sch_00661,child_047,psico,saturday,11:00,12:00,2026-05-02,2026-05-16,cancelled
evt_sch_00810,I,2026-05-07 07:40:00,2026-05-07 07:41:00,sch_00662,child_007,fono,wednesday,15:00,16:30,2026-05-20,2026-07-04,paused
evt_sch_00811,I,2026-05-07 07:42:00,2026-05-07 07:43:00,sch_00663,child_016,psicoped,sunday,09:30,11:00,2026-05-25,2026-06-08,paused
evt_sch_00812,I,2026-05-07 07:44:00,2026-05-07 07:45:00,sch_00664,child_051,to,wednesday,08:30,09:15,2026-05-20,2026-06-19,paused
evt_sch_00813,I,2026-05-07 07:46:00,2026-05-07 07:47:00,sch_00665,child_021,psico,saturday,11:00,12:30,2026-06-20,2026-07-04,active
evt_sch_00814,U,2026-05-07 07:48:00,2026-05-07 07:49:00,sch_00665,child_021,psico,saturday,11:00,12:30,2026-06-20,2026-07-04,active
evt_sch_00815,I,2026-05-07 07:50:00,2026-05-07 07:51:00,sch_00666,child_063,psico,saturday,13:00,14:00,2026-06-15,2026-08-14,paused
evt_sch_00816,I,2026-05-07 07:52:00,2026-05-07 07:53:00,sch_00667,child_013,fono,saturday,10:00,12:00,2026-05-05,2026-06-19,active
evt_sch_00817,I,2026-05-07 07:54:00,2026-05-07 07:55:00,sch_00668,child_071,to,thursday,08:00,08:30,2026-06-11,2026-07-11,active
evt_sch_00818,I,2026-05-07 07:56:00,2026-05-07 07:57:00,sch_00669,child_018,aba,thursday,09:30,10:30,2026-05-21,2026-06-04,active
evt_sch_00819,I,2026-05-07 07:58:00,2026-05-07 07:59:00,sch_00670,child_032,psicoped,saturday,09:00,11:00,2026-06-13,2026-08-12,cancelled
evt_sch_00820,U,2026-05-07 08:00:00,2026-05-07 08:01:00,sch_00670,child_032,psicoped,saturday,09:00,11:00,2026-06-13,2026-08-12,cancelled
evt_sch_00821,I,2026-05-07 08:02:00,2026-05-07 08:03:00,sch_00671,child_058,psico,sunday,09:00,10:00,2026-05-12,2026-06-26,cancelled
evt_sch_00822,I,2026-05-07 08:04:00,2026-05-07 08:05:00,sch_00672,child_026,aba,thursday,11:00,11:45,2026-05-26,2026-07-25,paused
evt_sch_00823,I,2026-05-07 08:06:00,2026-05-07 08:07:00,sch_00673,child_074,fono,monday,08:00,10:00,2026-06-11,2026-07-11,paused
evt_sch_00824,I,2026-05-07 08:08:00,2026-05-07 08:09:00,sch_00674,child_060,fono,wednesday,09:00,09:30,2026-05-26,2026-07-25,active
evt_sch_00825,I,2026-05-07 08:10:00,2026-05-07 08:11:00,sch_00675,child_020,aba,wednesday,09:00,11:00,2026-05-08,2026-05-22,cancelled
evt_sch_00826,U,2026-05-07 08:12:00,2026-05-07 08:13:00,sch_00675,child_020,aba,wednesday,09:00,11:00,2026-05-08,2026-05-22,cancelled
evt_sch_00827,I,2026-05-07 08:14:00,2026-05-07 08:15:00,sch_00676,child_059,psico,monday,09:30,10:15,2026-05-13,2026-06-27,active
evt_sch_00828,I,2026-05-07 08:16:00,2026-05-07 08:17:00,sch_00677,child_064,psico,tuesday,13:00,13:45,2026-06-08,2026-07-08,paused
evt_sch_00829,I,2026-05-07 08:18:00,2026-05-07 08:19:00,sch_00678,child_037,fono,thursday,09:00,10:30,2026-06-20,2026-07-20,active
evt_sch_00830,I,2026-05-07 08:20:00,2026-05-07 08:21:00,sch_00679,child_034,fono,friday,14:00,14:45,2026-05-24,2026-07-23,active
evt_sch_00831,I,2026-05-07 08:22:00,2026-05-07 08:23:00,sch_00680,child_061,fono,sunday,11:00,12:30,2026-06-13,2026-07-13,cancelled
evt_sch_00832,U,2026-05-07 08:24:00,2026-05-07 08:25:00,sch_00680,child_061,fono,sunday,11:00,12:30,2026-06-13,2026-07-13,paused
evt_sch_00833,I,2026-05-07 08:26:00,2026-05-07 08:27:00,sch_00681,child_055,psicoped,wednesday,08:30,09:00,2026-06-05,2026-06-19,active
evt_sch_00834,I,2026-05-07 08:28:00,2026-05-07 08:29:00,sch_00682,child_031,psico,wednesday,16:00,18:00,2026-06-15,2026-06-29,active
evt_sch_00835,I,2026-05-07 08:30:00,2026-05-07 08:31:00,sch_00683,child_065,psicoped,thursday,10:00,11:30,2026-06-12,2026-07-27,active
evt_sch_00836,I,2026-05-07 08:32:00,2026-05-07 08:33:00,sch_00684,child_072,aba,friday,09:00,10:00,2026-05-11,2026-07-10,paused
evt_sch_00837,I,2026-05-07 08:34:00,2026-05-07 08:35:00,sch_00685,child_060,fono,monday,11:00,13:00,2026-05-28,2026-06-27,active
evt_sch_00838,U,2026-05-07 08:36:00,2026-05-07 08:37:00,sch_00685,child_060,fono,monday,11:00,13:00,2026-05-28,2026-06-27,cancelled
evt_sch_00839,I,2026-05-07 08:38:00,2026-05-07 08:39:00,sch_00686,child_006,fono,thursday,10:00,11:00,2026-06-29,2026-08-28,active
evt_sch_00840,I,2026-05-07 08:40:00,2026-05-07 08:41:00,sch_00687,child_034,psicoped,sunday,10:00,12:00,2026-05-21,2026-07-20,paused
evt_sch_00841,I,2026-05-07 08:42:00,2026-05-07 08:43:00,sch_00688,child_041,psico,sunday,09:00,11:00,2026-06-24,2026-08-23,active
evt_sch_00842,I,2026-05-07 08:44:00,2026-05-07 08:45:00,sch_00689,child_020,aba,tuesday,09:00,09:30,2026-05-31,2026-07-15,active
evt_sch_00843,I,2026-05-07 08:46:00,2026-05-07 08:47:00,sch_00690,child_060,psico,monday,14:00,14:30,2026-05-29,2026-07-13,paused
evt_sch_00844,U,2026-05-07 08:48:00,2026-05-07 08:49:00,sch_00690,child_060,psico,monday,14:00,14:30,2026-05-29,2026-07-13,paused
evt_sch_00845,I,2026-05-07 08:50:00,2026-05-07 08:51:00,sch_00691,child_063,psico,thursday,08:30,09:15,2026-05-08,2026-06-22,active
evt_sch_00846,I,2026-05-07 08:52:00,2026-05-07 08:53:00,sch_00692,child_037,fono,sunday,09:00,11:00,2026-06-22,2026-08-06,active
evt_sch_00847,I,2026-05-07 08:54:00,2026-05-07 08:55:00,sch_00693,child_075,fono,friday,08:00,10:00,2026-06-19,2026-07-19,active
evt_sch_00848,I,2026-05-07 08:56:00,2026-05-07 08:57:00,sch_00694,child_010,fono,sunday,14:00,14:30,2026-06-26,2026-08-10,active
evt_sch_00849,I,2026-05-07 08:58:00,2026-05-07 08:59:00,sch_00695,child_016,psico,wednesday,16:00,16:30,2026-06-23,2026-08-07,active
evt_sch_00850,U,2026-05-07 09:00:00,2026-05-07 09:01:00,sch_00695,child_016,psico,wednesday,16:00,16:30,2026-06-23,2026-08-07,active
evt_sch_00851,I,2026-05-07 09:02:00,2026-05-07 09:03:00,sch_00696,child_059,psico,thursday,10:00,12:00,2026-06-12,2026-06-26,active
evt_sch_00852,I,2026-05-07 09:04:00,2026-05-07 09:05:00,sch_00697,child_006,psicoped,thursday,11:00,13:00,2026-05-09,2026-06-08,paused
evt_sch_00853,D,2026-05-07 09:06:00,2026-05-07 09:07:00,sch_00697,child_006,psicoped,thursday,11:00,13:00,2026-05-09,2026-06-08,cancelled
evt_sch_00854,I,2026-05-07 09:08:00,2026-05-07 09:09:00,sch_00698,child_037,to,sunday,08:00,08:30,2026-06-05,2026-08-04,active
evt_sch_00855,I,2026-05-07 09:10:00,2026-05-07 09:11:00,sch_00699,child_033,fono,tuesday,13:00,13:30,2026-05-02,2026-06-01,active
evt_sch_00856,I,2026-05-07 09:12:00,2026-05-07 09:13:00,sch_00700,child_052,to,saturday,09:00,09:30,2026-05-20,2026-07-19,cancelled
evt_sch_00857,U,2026-05-07 09:14:00,2026-05-07 09:15:00,sch_00700,child_052,to,saturday,09:00,09:30,2026-05-20,2026-07-19,paused
evt_sch_00858,I,2026-05-07 09:16:00,2026-05-07 09:17:00,sch_00701,child_040,psicoped,tuesday,11:00,11:30,2026-06-23,2026-08-07,active
evt_sch_00859,I,2026-05-07 09:18:00,2026-05-07 09:19:00,sch_00702,child_063,psico,thursday,14:00,15:00,2026-06-06,2026-08-05,active
evt_sch_00860,I,2026-05-07 09:20:00,2026-05-07 09:21:00,sch_00703,child_055,to,friday,09:00,10:30,2026-06-10,2026-08-09,active
evt_sch_00861,I,2026-05-07 09:22:00,2026-05-07 09:23:00,sch_00704,child_066,to,thursday,09:30,10:15,2026-06-29,2026-08-28,active
evt_sch_00862,I,2026-05-07 09:24:00,2026-05-07 09:25:00,sch_00705,child_068,aba,wednesday,14:00,15:30,2026-05-06,2026-07-05,active
evt_sch_00863,U,2026-05-07 09:26:00,2026-05-07 09:27:00,sch_00705,child_068,aba,wednesday,14:00,15:30,2026-05-06,2026-07-05,active
evt_sch_00864,I,2026-05-07 09:28:00,2026-05-07 09:29:00,sch_00706,child_039,fono,friday,13:00,14:00,2026-06-06,2026-06-20,active
evt_sch_00865,I,2026-05-07 09:30:00,2026-05-07 09:31:00,sch_00707,child_006,psicoped,monday,15:00,16:30,2026-05-27,2026-06-10,active
evt_sch_00866,I,2026-05-07 09:32:00,2026-05-07 09:33:00,sch_00708,child_073,to,wednesday,10:00,12:00,2026-05-06,2026-05-20,active
evt_sch_00867,I,2026-05-07 09:34:00,2026-05-07 09:35:00,sch_00709,child_060,fono,sunday,09:00,10:30,2026-05-03,2026-05-17,active
evt_sch_00868,I,2026-05-07 09:36:00,2026-05-07 09:37:00,sch_00710,child_039,to,friday,14:00,15:30,2026-06-09,2026-07-24,active
evt_sch_00869,U,2026-05-07 09:38:00,2026-05-07 09:39:00,sch_00710,child_039,to,friday,14:00,15:30,2026-06-09,2026-07-24,active
evt_sch_00870,I,2026-05-07 09:40:00,2026-05-07 09:41:00,sch_00711,child_028,fono,monday,16:00,17:00,2026-06-25,2026-07-09,active
evt_sch_00871,I,2026-05-07 09:42:00,2026-05-07 09:43:00,sch_00712,child_003,aba,thursday,08:30,09:00,2026-05-11,2026-07-10,active
evt_sch_00872,I,2026-05-07 09:44:00,2026-05-07 09:45:00,sch_00713,child_052,psicoped,saturday,14:00,15:00,2026-06-09,2026-07-24,active
evt_sch_00873,I,2026-05-07 09:46:00,2026-05-07 09:47:00,sch_00714,child_051,to,monday,09:00,09:45,2026-05-01,2026-05-31,active
evt_sch_00874,I,2026-05-07 09:48:00,2026-05-07 09:49:00,sch_00715,child_003,fono,sunday,08:00,08:45,2026-05-31,2026-06-30,active
evt_sch_00875,U,2026-05-07 09:50:00,2026-05-07 09:51:00,sch_00715,child_003,fono,sunday,08:00,08:45,2026-05-31,2026-06-30,cancelled
evt_sch_00876,I,2026-05-07 09:52:00,2026-05-07 09:53:00,sch_00716,child_069,fono,monday,10:00,11:30,2026-05-10,2026-07-09,active
evt_sch_00877,I,2026-05-07 09:54:00,2026-05-07 09:55:00,sch_00717,child_015,fono,tuesday,14:00,15:30,2026-05-31,2026-06-14,paused
evt_sch_00878,I,2026-05-07 09:56:00,2026-05-07 09:57:00,sch_00718,child_075,fono,tuesday,10:00,12:00,2026-06-23,2026-08-22,active
evt_sch_00879,I,2026-05-07 09:58:00,2026-05-07 09:59:00,sch_00719,child_002,aba,saturday,13:00,14:30,2026-06-24,2026-08-23,cancelled
evt_sch_00880,I,2026-05-07 10:00:00,2026-05-07 10:01:00,sch_00720,child_077,psicoped,wednesday,08:00,09:30,2026-05-26,2026-07-25,active
evt_sch_00881,U,2026-05-07 10:02:00,2026-05-07 10:03:00,sch_00720,child_077,psicoped,wednesday,08:00,09:30,2026-05-26,2026-07-25,paused
evt_sch_00882,I,2026-05-07 10:04:00,2026-05-07 10:05:00,sch_00721,child_079,psico,tuesday,08:00,10:00,2026-05-02,2026-07-01,active
evt_sch_00883,I,2026-05-07 10:06:00,2026-05-07 10:07:00,sch_00722,child_071,aba,wednesday,13:00,14:30,2026-05-08,2026-07-07,active
evt_sch_00884,I,2026-05-07 10:08:00,2026-05-07 10:09:00,sch_00723,child_045,psico,saturday,13:00,13:30,2026-05-11,2026-06-25,cancelled
evt_sch_00885,I,2026-05-07 10:10:00,2026-05-07 10:11:00,sch_00724,child_061,to,thursday,09:30,11:30,2026-05-15,2026-06-29,paused
evt_sch_00886,I,2026-05-07 10:12:00,2026-05-07 10:13:00,sch_00725,child_060,fono,wednesday,13:00,14:30,2026-06-23,2026-08-07,cancelled
evt_sch_00887,U,2026-05-07 10:14:00,2026-05-07 10:15:00,sch_00725,child_060,fono,wednesday,13:00,14:30,2026-06-23,2026-08-07,active
evt_sch_00888,I,2026-05-07 10:16:00,2026-05-07 10:17:00,sch_00726,child_080,fono,wednesday,08:30,10:00,2026-05-09,2026-06-08,active
evt_sch_00889,I,2026-05-07 10:18:00,2026-05-07 10:19:00,sch_00727,child_078,psico,monday,13:00,14:30,2026-05-20,2026-06-19,active
evt_sch_00890,I,2026-05-07 10:20:00,2026-05-07 10:21:00,sch_00728,child_007,aba,wednesday,10:00,11:00,2026-06-13,2026-07-13,active
evt_sch_00891,I,2026-05-07 10:22:00,2026-05-07 10:23:00,sch_00729,child_065,aba,sunday,08:30,09:30,2026-05-28,2026-06-11,active
evt_sch_00892,I,2026-05-07 10:24:00,2026-05-07 10:25:00,sch_00730,child_016,psicoped,tuesday,14:00,15:00,2026-05-22,2026-07-06,cancelled
evt_sch_00893,U,2026-05-07 10:26:00,2026-05-07 10:27:00,sch_00730,child_016,psicoped,tuesday,14:00,15:00,2026-05-22,2026-07-06,paused
evt_sch_00894,I,2026-05-07 10:28:00,2026-05-07 10:29:00,sch_00731,child_035,fono,sunday,15:00,17:00,2026-06-12,2026-06-26,cancelled
evt_sch_00895,I,2026-05-07 10:30:00,2026-05-07 10:31:00,sch_00732,child_057,psico,sunday,08:30,09:00,2026-06-20,2026-07-04,cancelled
evt_sch_00896,I,2026-05-07 10:32:00,2026-05-07 10:33:00,sch_00733,child_006,psicoped,monday,09:00,09:30,2026-06-25,2026-07-25,paused
evt_sch_00897,I,2026-05-07 10:34:00,2026-05-07 10:35:00,sch_00734,child_021,to,saturday,14:00,16:00,2026-06-01,2026-06-15,active
evt_sch_00898,I,2026-05-07 10:36:00,2026-05-07 10:37:00,sch_00735,child_047,to,sunday,09:00,09:30,2026-06-24,2026-07-24,active
evt_sch_00899,U,2026-05-07 10:38:00,2026-05-07 10:39:00,sch_00735,child_047,to,sunday,09:00,09:30,2026-06-24,2026-07-24,cancelled
evt_sch_00900,I,2026-05-07 10:40:00,2026-05-07 10:41:00,sch_00736,child_001,fono,sunday,14:00,15:00,2026-05-19,2026-06-18,active
evt_sch_00901,I,2026-05-07 10:42:00,2026-05-07 10:43:00,sch_00737,child_048,psico,wednesday,09:30,10:15,2026-06-18,2026-08-17,cancelled
evt_sch_00902,I,2026-05-07 10:44:00,2026-05-07 10:45:00,sch_00738,child_018,psico,thursday,13:00,14:30,2026-06-30,2026-08-14,paused
evt_sch_00903,D,2026-05-07 10:46:00,2026-05-07 10:47:00,sch_00738,child_018,psico,thursday,13:00,14:30,2026-06-30,2026-08-14,cancelled
evt_sch_00904,I,2026-05-07 10:48:00,2026-05-07 10:49:00,sch_00739,child_057,fono,sunday,08:00,10:00,2026-06-30,2026-07-14,active
evt_sch_00905,I,2026-05-07 10:50:00,2026-05-07 10:51:00,sch_00740,child_041,psico,sunday,09:00,10:30,2026-05-04,2026-07-03,cancelled
evt_sch_00906,U,2026-05-07 10:52:00,2026-05-07 10:53:00,sch_00740,child_041,psico,sunday,09:00,10:30,2026-05-04,2026-07-03,paused
evt_sch_00907,I,2026-05-07 10:54:00,2026-05-07 10:55:00,sch_00741,child_020,psicoped,monday,15:00,16:00,2026-05-27,2026-07-26,paused
evt_sch_00908,I,2026-05-07 10:56:00,2026-05-07 10:57:00,sch_00742,child_071,to,saturday,11:00,12:00,2026-05-01,2026-06-15,paused
evt_sch_00909,I,2026-05-07 10:58:00,2026-05-07 10:59:00,sch_00743,child_079,fono,saturday,13:00,14:30,2026-06-11,2026-07-11,paused
evt_sch_00910,I,2026-05-07 11:00:00,2026-05-07 11:01:00,sch_00744,child_080,psicoped,saturday,14:00,15:00,2026-06-26,2026-08-25,cancelled
evt_sch_00911,I,2026-05-07 11:02:00,2026-05-07 11:03:00,sch_00745,child_039,aba,monday,15:00,16:00,2026-05-25,2026-06-24,active
evt_sch_00912,U,2026-05-07 11:04:00,2026-05-07 11:05:00,sch_00745,child_039,aba,monday,15:00,16:00,2026-05-25,2026-06-24,paused
evt_sch_00913,I,2026-05-07 11:06:00,2026-05-07 11:07:00,sch_00746,child_037,fono,monday,15:00,17:00,2026-05-20,2026-07-04,cancelled
evt_sch_00914,I,2026-05-07 11:08:00,2026-05-07 11:09:00,sch_00747,child_021,aba,monday,15:00,17:00,2026-05-17,2026-06-16,cancelled
evt_sch_00915,I,2026-05-07 11:10:00,2026-05-07 11:11:00,sch_00748,child_039,psico,friday,08:30,09:00,2026-06-23,2026-08-07,active
evt_sch_00916,I,2026-05-07 11:12:00,2026-05-07 11:13:00,sch_00749,child_065,to,monday,08:00,08:30,2026-05-29,2026-07-13,active
evt_sch_00917,I,2026-05-07 11:14:00,2026-05-07 11:15:00,sch_00750,child_001,psico,wednesday,09:30,11:30,2026-06-06,2026-07-06,active
evt_sch_00918,U,2026-05-07 11:16:00,2026-05-07 11:17:00,sch_00750,child_001,psico,wednesday,09:30,11:30,2026-06-06,2026-07-06,cancelled
evt_sch_00919,I,2026-05-07 11:18:00,2026-05-07 11:19:00,sch_00751,child_074,fono,saturday,13:00,15:00,2026-06-17,2026-07-17,active
evt_sch_00920,I,2026-05-07 11:20:00,2026-05-07 11:21:00,sch_00752,child_067,psicoped,tuesday,11:00,12:30,2026-05-07,2026-06-06,cancelled
evt_sch_00921,I,2026-05-07 11:22:00,2026-05-07 11:23:00,sch_00753,child_053,aba,monday,08:00,09:30,2026-06-26,2026-07-26,active
evt_sch_00922,I,2026-05-07 11:24:00,2026-05-07 11:25:00,sch_00754,child_058,aba,wednesday,15:00,16:30,2026-06-07,2026-08-06,paused
evt_sch_00923,I,2026-05-07 11:26:00,2026-05-07 11:27:00,sch_00755,child_075,psico,saturday,13:00,14:30,2026-06-14,2026-08-13,cancelled
evt_sch_00924,U,2026-05-07 11:28:00,2026-05-07 11:29:00,sch_00755,child_075,psico,saturday,13:00,14:30,2026-06-14,2026-08-13,cancelled
evt_sch_00925,I,2026-05-07 11:30:00,2026-05-07 11:31:00,sch_00756,child_021,fono,friday,09:00,10:30,2026-06-15,2026-08-14,active
evt_sch_00926,I,2026-05-07 11:32:00,2026-05-07 11:33:00,sch_00757,child_066,psicoped,monday,09:30,11:00,2026-05-31,2026-06-14,cancelled
evt_sch_00927,I,2026-05-07 11:34:00,2026-05-07 11:35:00,sch_00758,child_072,to,monday,16:00,17:30,2026-05-08,2026-05-22,active
evt_sch_00928,I,2026-05-07 11:36:00,2026-05-07 11:37:00,sch_00759,child_038,aba,friday,09:00,09:30,2026-05-24,2026-07-08,paused
evt_sch_00929,I,2026-05-07 11:38:00,2026-05-07 11:39:00,sch_00760,child_039,to,thursday,08:00,08:45,2026-05-10,2026-07-09,active
evt_sch_00930,U,2026-05-07 11:40:00,2026-05-07 11:41:00,sch_00760,child_039,to,thursday,08:00,08:45,2026-05-10,2026-07-09,cancelled
evt_sch_00931,I,2026-05-07 11:42:00,2026-05-07 11:43:00,sch_00761,child_037,fono,tuesday,14:00,14:30,2026-05-08,2026-06-22,active
evt_sch_00932,I,2026-05-07 11:44:00,2026-05-07 11:45:00,sch_00762,child_006,psico,thursday,16:00,17:00,2026-06-06,2026-08-05,paused
evt_sch_00933,I,2026-05-07 11:46:00,2026-05-07 11:47:00,sch_00763,child_049,psico,sunday,16:00,16:45,2026-06-18,2026-07-18,active
evt_sch_00934,I,2026-05-07 11:48:00,2026-05-07 11:49:00,sch_00764,child_059,psico,saturday,14:00,14:45,2026-06-25,2026-08-09,active
evt_sch_00935,I,2026-05-07 11:50:00,2026-05-07 11:51:00,sch_00765,child_080,psicoped,thursday,13:00,13:45,2026-06-27,2026-08-26,active
evt_sch_00936,U,2026-05-07 11:52:00,2026-05-07 11:53:00,sch_00765,child_080,psicoped,thursday,13:00,13:45,2026-06-27,2026-08-26,active
evt_sch_00937,I,2026-05-07 11:54:00,2026-05-07 11:55:00,sch_00766,child_057,to,saturday,08:30,09:15,2026-06-15,2026-06-29,active
evt_sch_00938,I,2026-05-07 11:56:00,2026-05-07 11:57:00,sch_00767,child_040,psicoped,saturday,08:30,10:30,2026-05-06,2026-06-05,paused
evt_sch_00939,I,2026-05-07 11:58:00,2026-05-07 11:59:00,sch_00768,child_070,psicoped,sunday,08:00,10:00,2026-06-03,2026-07-03,cancelled
evt_sch_00940,I,2026-05-07 12:00:00,2026-05-07 12:01:00,sch_00769,child_065,aba,monday,15:00,15:45,2026-05-02,2026-06-16,cancelled
evt_sch_00941,I,2026-05-07 12:02:00,2026-05-07 12:03:00,sch_00770,child_032,psicoped,thursday,08:30,10:30,2026-06-08,2026-07-23,active
evt_sch_00942,U,2026-05-07 12:04:00,2026-05-07 12:05:00,sch_00770,child_032,psicoped,thursday,08:30,10:30,2026-06-08,2026-07-23,active
evt_sch_00943,I,2026-05-07 12:06:00,2026-05-07 12:07:00,sch_00771,child_063,aba,wednesday,13:00,13:45,2026-05-27,2026-06-10,paused
evt_sch_00944,I,2026-05-07 12:08:00,2026-05-07 12:09:00,sch_00772,child_041,psico,wednesday,08:30,09:00,2026-05-07,2026-06-06,active
evt_sch_00945,I,2026-05-07 12:10:00,2026-05-07 12:11:00,sch_00773,child_024,to,sunday,08:30,09:15,2026-05-20,2026-07-19,active
evt_sch_00946,I,2026-05-07 12:12:00,2026-05-07 12:13:00,sch_00774,child_008,psicoped,wednesday,09:00,09:30,2026-06-15,2026-06-29,active
evt_sch_00947,I,2026-05-07 12:14:00,2026-05-07 12:15:00,sch_00775,child_013,to,tuesday,13:00,14:00,2026-05-17,2026-07-16,paused
evt_sch_00948,U,2026-05-07 12:16:00,2026-05-07 12:17:00,sch_00775,child_013,to,tuesday,13:00,14:00,2026-05-17,2026-07-16,active
evt_sch_00949,I,2026-05-07 12:18:00,2026-05-07 12:19:00,sch_00776,child_007,fono,tuesday,16:00,18:00,2026-05-16,2026-07-15,active
evt_sch_00950,I,2026-05-07 12:20:00,2026-05-07 12:21:00,sch_00777,child_065,psico,monday,10:00,10:30,2026-05-21,2026-07-20,active
evt_sch_00951,I,2026-05-07 12:22:00,2026-05-07 12:23:00,sch_00778,child_009,psico,monday,13:00,13:45,2026-06-28,2026-07-12,active
evt_sch_00952,I,2026-05-07 12:24:00,2026-05-07 12:25:00,sch_00779,child_076,aba,tuesday,15:00,15:45,2026-05-20,2026-07-19,active
evt_sch_00953,D,2026-05-07 12:26:00,2026-05-07 12:27:00,sch_00779,child_076,aba,tuesday,15:00,15:45,2026-05-20,2026-07-19,cancelled
evt_sch_00954,I,2026-05-07 12:28:00,2026-05-07 12:29:00,sch_00780,child_065,fono,sunday,09:00,10:00,2026-06-04,2026-07-04,cancelled
evt_sch_00955,U,2026-05-07 12:30:00,2026-05-07 12:31:00,sch_00780,child_065,fono,sunday,09:00,10:00,2026-06-04,2026-07-04,paused
evt_sch_00956,I,2026-05-07 12:32:00,2026-05-07 12:33:00,sch_00781,child_055,psicoped,thursday,08:00,08:30,2026-06-22,2026-08-21,paused
evt_sch_00957,I,2026-05-07 12:34:00,2026-05-07 12:35:00,sch_00782,child_080,to,saturday,09:00,09:30,2026-05-04,2026-07-03,active
evt_sch_00958,I,2026-05-07 12:36:00,2026-05-07 12:37:00,sch_00783,child_033,psico,wednesday,09:30,11:30,2026-06-23,2026-08-07,active
evt_sch_00959,I,2026-05-07 12:38:00,2026-05-07 12:39:00,sch_00784,child_069,psicoped,monday,10:00,10:30,2026-05-26,2026-06-09,cancelled
evt_sch_00960,I,2026-05-07 12:40:00,2026-05-07 12:41:00,sch_00785,child_072,to,thursday,09:30,11:30,2026-06-02,2026-07-17,paused
evt_sch_00961,U,2026-05-07 12:42:00,2026-05-07 12:43:00,sch_00785,child_072,to,thursday,09:30,11:30,2026-06-02,2026-07-17,cancelled
evt_sch_00962,I,2026-05-07 12:44:00,2026-05-07 12:45:00,sch_00786,child_034,psico,wednesday,09:30,10:30,2026-05-22,2026-06-21,active
evt_sch_00963,I,2026-05-07 12:46:00,2026-05-07 12:47:00,sch_00787,child_077,to,monday,09:00,09:30,2026-06-08,2026-08-07,active
evt_sch_00964,I,2026-05-07 12:48:00,2026-05-07 12:49:00,sch_00788,child_002,fono,thursday,15:00,16:30,2026-06-18,2026-08-17,active
evt_sch_00965,I,2026-05-07 12:50:00,2026-05-07 12:51:00,sch_00789,child_010,psicoped,monday,14:00,14:30,2026-05-23,2026-07-22,cancelled
evt_sch_00966,I,2026-05-07 12:52:00,2026-05-07 12:53:00,sch_00790,child_046,psico,tuesday,08:00,08:30,2026-05-30,2026-07-14,paused
evt_sch_00967,U,2026-05-07 12:54:00,2026-05-07 12:55:00,sch_00790,child_046,psico,tuesday,08:00,08:30,2026-05-30,2026-07-14,cancelled
evt_sch_00968,I,2026-05-07 12:56:00,2026-05-07 12:57:00,sch_00791,child_002,fono,saturday,08:00,09:00,2026-06-13,2026-07-28,active
evt_sch_00969,I,2026-05-07 12:58:00,2026-05-07 12:59:00,sch_00792,child_079,to,sunday,09:30,10:15,2026-06-01,2026-07-16,active
evt_sch_00970,I,2026-05-07 13:00:00,2026-05-07 13:01:00,sch_00793,child_064,psicoped,tuesday,08:00,08:45,2026-06-22,2026-08-21,active
evt_sch_00971,I,2026-05-07 13:02:00,2026-05-07 13:03:00,sch_00794,child_036,psicoped,friday,14:00,14:45,2026-06-05,2026-07-05,active
evt_sch_00972,I,2026-05-07 13:04:00,2026-05-07 13:05:00,sch_00795,child_073,psicoped,friday,09:00,09:30,2026-06-07,2026-07-07,cancelled
evt_sch_00973,U,2026-05-07 13:06:00,2026-05-07 13:07:00,sch_00795,child_073,psicoped,friday,09:00,09:30,2026-06-07,2026-07-07,active
evt_sch_00974,I,2026-05-07 13:08:00,2026-05-07 13:09:00,sch_00796,child_034,psicoped,sunday,09:30,11:30,2026-06-16,2026-07-31,active
evt_sch_00975,I,2026-05-07 13:10:00,2026-05-07 13:11:00,sch_00797,child_003,psicoped,friday,10:00,12:00,2026-06-26,2026-08-25,active
evt_sch_00976,I,2026-05-07 13:12:00,2026-05-07 13:13:00,sch_00798,child_055,aba,sunday,11:00,12:30,2026-06-24,2026-08-23,active
evt_sch_00977,I,2026-05-07 13:14:00,2026-05-07 13:15:00,sch_00799,child_067,psico,thursday,11:00,13:00,2026-06-18,2026-07-02,paused
evt_sch_00978,I,2026-05-07 13:16:00,2026-05-07 13:17:00,sch_00800,child_029,aba,wednesday,13:00,15:00,2026-05-29,2026-07-13,active
evt_sch_00979,U,2026-05-07 13:18:00,2026-05-07 13:19:00,sch_00800,child_029,aba,wednesday,13:00,15:00,2026-05-29,2026-07-13,active
evt_sch_00980,I,2026-05-07 13:20:00,2026-05-07 13:21:00,sch_00801,child_043,aba,friday,08:00,08:45,2026-06-14,2026-08-13,paused
evt_sch_00981,I,2026-05-07 13:22:00,2026-05-07 13:23:00,sch_00802,child_032,fono,tuesday,11:00,12:00,2026-05-05,2026-05-19,active
evt_sch_00982,I,2026-05-07 13:24:00,2026-05-07 13:25:00,sch_00803,child_056,aba,friday,11:00,12:00,2026-05-16,2026-05-30,active
evt_sch_00983,I,2026-05-07 13:26:00,2026-05-07 13:27:00,sch_00804,child_044,aba,sunday,11:00,13:00,2026-06-20,2026-07-20,paused
evt_sch_00984,I,2026-05-07 13:28:00,2026-05-07 13:29:00,sch_00805,child_077,psicoped,thursday,08:30,10:00,2026-06-07,2026-06-21,active
evt_sch_00985,U,2026-05-07 13:30:00,2026-05-07 13:31:00,sch_00805,child_077,psicoped,thursday,08:30,10:00,2026-06-07,2026-06-21,active
evt_sch_00986,I,2026-05-07 13:32:00,2026-05-07 13:33:00,sch_00806,child_005,psico,wednesday,08:30,09:15,2026-05-04,2026-07-03,active
evt_sch_00987,I,2026-05-07 13:34:00,2026-05-07 13:35:00,sch_00807,child_079,psico,monday,08:30,09:00,2026-06-05,2026-06-19,active
evt_sch_00988,I,2026-05-07 13:36:00,2026-05-07 13:37:00,sch_00808,child_049,psico,monday,16:00,17:30,2026-05-15,2026-05-29,active
evt_sch_00989,I,2026-05-07 13:38:00,2026-05-07 13:39:00,sch_00809,child_060,psico,friday,16:00,16:30,2026-05-22,2026-06-05,active
evt_sch_00990,I,2026-05-07 13:40:00,2026-05-07 13:41:00,sch_00810,child_043,psicoped,tuesday,08:30,09:00,2026-05-01,2026-05-15,active
evt_sch_00991,U,2026-05-07 13:42:00,2026-05-07 13:43:00,sch_00810,child_043,psicoped,tuesday,08:30,09:00,2026-05-01,2026-05-15,active
evt_sch_00992,I,2026-05-07 13:44:00,2026-05-07 13:45:00,sch_00811,child_074,fono,saturday,15:00,16:00,2026-05-23,2026-07-22,active
evt_sch_00993,I,2026-05-07 13:46:00,2026-05-07 13:47:00,sch_00812,child_080,psico,tuesday,09:30,10:15,2026-06-21,2026-07-05,active
evt_sch_00994,I,2026-05-07 13:48:00,2026-05-07 13:49:00,sch_00813,child_040,psicoped,thursday,15:00,16:00,2026-05-20,2026-06-19,active
evt_sch_00995,I,2026-05-07 13:50:00,2026-05-07 13:51:00,sch_00814,child_040,psicoped,wednesday,10:00,11:00,2026-05-01,2026-05-31,active
evt_sch_00996,I,2026-05-07 13:52:00,2026-05-07 13:53:00,sch_00815,child_065,psicoped,sunday,08:00,09:30,2026-05-23,2026-06-22,paused
evt_sch_00997,U,2026-05-07 13:54:00,2026-05-07 13:55:00,sch_00815,child_065,psicoped,sunday,08:00,09:30,2026-05-23,2026-06-22,paused
evt_sch_00998,I,2026-05-07 13:56:00,2026-05-07 13:57:00,sch_00816,child_026,aba,wednesday,09:30,11:00,2026-06-14,2026-08-13,active
evt_sch_00999,I,2026-05-07 13:58:00,2026-05-07 13:59:00,sch_00817,child_043,psicoped,friday,11:00,13:00,2026-05-20,2026-07-19,active
evt_sch_01000,I,2026-05-07 14:00:00,2026-05-07 14:01:00,sch_00818,child_014,psico,sunday,08:00,09:30,2026-05-15,2026-05-29,active
evt_sch_01001,I,2026-05-07 14:02:00,2026-05-07 14:03:00,sch_00819,child_030,psico,friday,09:30,10:15,2026-05-31,2026-07-15,cancelled
evt_sch_01002,I,2026-05-07 14:04:00,2026-05-07 14:05:00,sch_00820,child_049,fono,thursday,09:00,09:30,2026-05-24,2026-06-07,active
evt_sch_01003,U,2026-05-07 14:06:00,2026-05-07 14:07:00,sch_00820,child_049,fono,thursday,09:00,09:30,2026-05-24,2026-06-07,active
evt_sch_01004,D,2026-05-07 14:08:00,2026-05-07 14:09:00,sch_00820,child_049,fono,thursday,09:00,09:30,2026-05-24,2026-06-07,cancelled
evt_sch_01005,I,2026-05-07 14:10:00,2026-05-07 14:11:00,sch_00821,child_072,aba,tuesday,10:00,11:30,2026-05-13,2026-06-27,active
evt_sch_01006,I,2026-05-07 14:12:00,2026-05-07 14:13:00,sch_00822,child_004,fono,tuesday,10:00,10:45,2026-05-15,2026-06-29,cancelled
evt_sch_01007,I,2026-05-07 14:14:00,2026-05-07 14:15:00,sch_00823,child_044,psicoped,tuesday,09:00,09:45,2026-05-02,2026-06-01,cancelled
evt_sch_01008,I,2026-05-07 14:16:00,2026-05-07 14:17:00,sch_00824,child_013,aba,sunday,09:00,10:30,2026-06-11,2026-06-25,active
evt_sch_01009,I,2026-05-07 14:18:00,2026-05-07 14:19:00,sch_00825,child_027,to,thursday,09:30,10:30,2026-06-21,2026-08-05,active
evt_sch_01010,U,2026-05-07 14:20:00,2026-05-07 14:21:00,sch_00825,child_027,to,thursday,09:30,10:30,2026-06-21,2026-08-05,paused
evt_sch_01011,I,2026-05-07 14:22:00,2026-05-07 14:23:00,sch_00826,child_080,psico,saturday,08:30,09:00,2026-05-10,2026-06-09,cancelled
evt_sch_01012,I,2026-05-07 14:24:00,2026-05-07 14:25:00,sch_00827,child_025,psicoped,thursday,11:00,12:00,2026-06-08,2026-08-07,paused
evt_sch_01013,I,2026-05-07 14:26:00,2026-05-07 14:27:00,sch_00828,child_032,aba,sunday,16:00,18:00,2026-05-13,2026-06-27,cancelled
evt_sch_01014,I,2026-05-07 14:28:00,2026-05-07 14:29:00,sch_00829,child_042,fono,monday,10:00,10:45,2026-06-24,2026-08-23,active
evt_sch_01015,I,2026-05-07 14:30:00,2026-05-07 14:31:00,sch_00830,child_011,psico,sunday,16:00,16:30,2026-05-11,2026-07-10,cancelled
evt_sch_01016,U,2026-05-07 14:32:00,2026-05-07 14:33:00,sch_00830,child_011,psico,sunday,16:00,16:30,2026-05-11,2026-07-10,paused
evt_sch_01017,I,2026-05-07 14:34:00,2026-05-07 14:35:00,sch_00831,child_066,to,thursday,15:00,16:30,2026-05-12,2026-06-26,cancelled
evt_sch_01018,I,2026-05-07 14:36:00,2026-05-07 14:37:00,sch_00832,child_068,psico,saturday,14:00,15:30,2026-05-18,2026-07-17,active
evt_sch_01019,I,2026-05-07 14:38:00,2026-05-07 14:39:00,sch_00833,child_075,aba,tuesday,09:30,10:15,2026-05-29,2026-06-28,active
evt_sch_01020,I,2026-05-07 14:40:00,2026-05-07 14:41:00,sch_00834,child_040,psico,thursday,16:00,16:45,2026-06-29,2026-08-13,active
evt_sch_01021,I,2026-05-07 14:42:00,2026-05-07 14:43:00,sch_00835,child_011,fono,sunday,08:30,09:30,2026-05-29,2026-07-13,active
evt_sch_01022,U,2026-05-07 14:44:00,2026-05-07 14:45:00,sch_00835,child_011,fono,sunday,08:30,09:30,2026-05-29,2026-07-13,active
evt_sch_01023,I,2026-05-07 14:46:00,2026-05-07 14:47:00,sch_00836,child_060,psicoped,friday,11:00,12:30,2026-05-29,2026-07-28,active
evt_sch_01024,I,2026-05-07 14:48:00,2026-05-07 14:49:00,sch_00837,child_048,psico,wednesday,10:00,11:30,2026-05-02,2026-06-01,active
evt_sch_01025,I,2026-05-07 14:50:00,2026-05-07 14:51:00,sch_00838,child_034,aba,wednesday,08:30,09:30,2026-06-23,2026-07-07,cancelled
evt_sch_01026,I,2026-05-07 14:52:00,2026-05-07 14:53:00,sch_00839,child_030,aba,monday,08:30,09:30,2026-05-03,2026-06-02,active
evt_sch_01027,I,2026-05-07 14:54:00,2026-05-07 14:55:00,sch_00840,child_043,to,wednesday,10:00,10:45,2026-06-15,2026-07-15,paused
evt_sch_01028,U,2026-05-07 14:56:00,2026-05-07 14:57:00,sch_00840,child_043,to,wednesday,10:00,10:45,2026-06-15,2026-07-15,paused
evt_sch_01029,I,2026-05-07 14:58:00,2026-05-07 14:59:00,sch_00841,child_070,to,monday,10:00,11:00,2026-06-22,2026-08-06,cancelled
evt_sch_01030,I,2026-05-07 15:00:00,2026-05-07 15:01:00,sch_00842,child_052,psico,sunday,16:00,16:30,2026-05-31,2026-06-30,paused
evt_sch_01031,I,2026-05-07 15:02:00,2026-05-07 15:03:00,sch_00843,child_030,fono,saturday,09:30,11:00,2026-05-15,2026-07-14,cancelled
evt_sch_01032,I,2026-05-07 15:04:00,2026-05-07 15:05:00,sch_00844,child_060,to,sunday,08:30,09:30,2026-06-24,2026-07-24,active
evt_sch_01033,I,2026-05-07 15:06:00,2026-05-07 15:07:00,sch_00845,child_054,fono,thursday,14:00,16:00,2026-05-02,2026-06-16,active
evt_sch_01034,U,2026-05-07 15:08:00,2026-05-07 15:09:00,sch_00845,child_054,fono,thursday,14:00,16:00,2026-05-02,2026-06-16,active
evt_sch_01035,I,2026-05-07 15:10:00,2026-05-07 15:11:00,sch_00846,child_040,aba,thursday,11:00,12:00,2026-05-15,2026-07-14,active
evt_sch_01036,I,2026-05-07 15:12:00,2026-05-07 15:13:00,sch_00847,child_052,psicoped,wednesday,11:00,13:00,2026-05-02,2026-05-16,paused
evt_sch_01037,I,2026-05-07 15:14:00,2026-05-07 15:15:00,sch_00848,child_020,to,friday,16:00,18:00,2026-06-06,2026-08-05,paused
evt_sch_01038,I,2026-05-07 15:16:00,2026-05-07 15:17:00,sch_00849,child_027,psico,monday,15:00,16:30,2026-05-13,2026-07-12,active
evt_sch_01039,I,2026-05-07 15:18:00,2026-05-07 15:19:00,sch_00850,child_073,psico,saturday,10:00,10:30,2026-05-11,2026-05-25,active
evt_sch_01040,U,2026-05-07 15:20:00,2026-05-07 15:21:00,sch_00850,child_073,psico,saturday,10:00,10:30,2026-05-11,2026-05-25,active
evt_sch_01041,I,2026-05-07 15:22:00,2026-05-07 15:23:00,sch_00851,child_005,psicoped,thursday,08:00,08:45,2026-05-13,2026-05-27,paused
evt_sch_01042,I,2026-05-07 15:24:00,2026-05-07 15:25:00,sch_00852,child_050,to,tuesday,09:30,10:30,2026-06-12,2026-06-26,active
evt_sch_01043,I,2026-05-07 15:26:00,2026-05-07 15:27:00,sch_00853,child_048,psicoped,monday,09:00,10:00,2026-06-25,2026-08-24,active
evt_sch_01044,I,2026-05-07 15:28:00,2026-05-07 15:29:00,sch_00854,child_015,fono,friday,13:00,14:30,2026-06-17,2026-07-01,active
evt_sch_01045,I,2026-05-07 15:30:00,2026-05-07 15:31:00,sch_00855,child_027,fono,sunday,09:30,10:30,2026-05-28,2026-07-27,active
evt_sch_01046,U,2026-05-07 15:32:00,2026-05-07 15:33:00,sch_00855,child_027,fono,sunday,09:30,10:30,2026-05-28,2026-07-27,paused
evt_sch_01047,I,2026-05-07 15:34:00,2026-05-07 15:35:00,sch_00856,child_040,psicoped,tuesday,15:00,16:30,2026-05-18,2026-06-17,active
evt_sch_01048,I,2026-05-07 15:36:00,2026-05-07 15:37:00,sch_00857,child_019,psico,monday,13:00,15:00,2026-06-21,2026-07-21,active
evt_sch_01049,I,2026-05-07 15:38:00,2026-05-07 15:39:00,sch_00858,child_073,psico,thursday,14:00,16:00,2026-05-03,2026-05-17,active
evt_sch_01050,I,2026-05-07 15:40:00,2026-05-07 15:41:00,sch_00859,child_059,to,saturday,10:00,11:30,2026-06-09,2026-07-09,active
evt_sch_01051,I,2026-05-07 15:42:00,2026-05-07 15:43:00,sch_00860,child_023,psicoped,saturday,13:00,14:30,2026-05-25,2026-06-24,active
evt_sch_01052,U,2026-05-07 15:44:00,2026-05-07 15:45:00,sch_00860,child_023,psicoped,saturday,13:00,14:30,2026-05-25,2026-06-24,active
evt_sch_01053,I,2026-05-07 15:46:00,2026-05-07 15:47:00,sch_00861,child_051,aba,tuesday,09:00,10:00,2026-06-26,2026-08-10,active
evt_sch_01054,D,2026-05-07 15:48:00,2026-05-07 15:49:00,sch_00861,child_051,aba,tuesday,09:00,10:00,2026-06-26,2026-08-10,cancelled
evt_sch_01055,I,2026-05-07 15:50:00,2026-05-07 15:51:00,sch_00862,child_009,fono,thursday,13:00,15:00,2026-05-08,2026-06-22,active
evt_sch_01056,I,2026-05-07 15:52:00,2026-05-07 15:53:00,sch_00863,child_014,psicoped,sunday,11:00,12:30,2026-05-29,2026-06-28,active
evt_sch_01057,I,2026-05-07 15:54:00,2026-05-07 15:55:00,sch_00864,child_065,aba,thursday,08:00,08:30,2026-06-10,2026-08-09,active
evt_sch_01058,I,2026-05-07 15:56:00,2026-05-07 15:57:00,sch_00865,child_052,fono,thursday,08:00,08:30,2026-05-17,2026-05-31,cancelled
evt_sch_01059,U,2026-05-07 15:58:00,2026-05-07 15:59:00,sch_00865,child_052,fono,thursday,08:00,08:30,2026-05-17,2026-05-31,active
evt_sch_01060,I,2026-05-07 16:00:00,2026-05-07 16:01:00,sch_00866,child_042,psico,thursday,14:00,14:30,2026-05-06,2026-06-05,cancelled
evt_sch_01061,I,2026-05-07 16:02:00,2026-05-07 16:03:00,sch_00867,child_057,fono,thursday,10:00,10:45,2026-05-11,2026-05-25,active
evt_sch_01062,I,2026-05-07 16:04:00,2026-05-07 16:05:00,sch_00868,child_023,to,monday,15:00,16:30,2026-05-11,2026-05-25,active
evt_sch_01063,I,2026-05-07 16:06:00,2026-05-07 16:07:00,sch_00869,child_002,to,tuesday,14:00,15:00,2026-05-12,2026-06-11,cancelled
evt_sch_01064,I,2026-05-07 16:08:00,2026-05-07 16:09:00,sch_00870,child_069,fono,thursday,08:00,10:00,2026-06-11,2026-06-25,active
evt_sch_01065,U,2026-05-07 16:10:00,2026-05-07 16:11:00,sch_00870,child_069,fono,thursday,08:00,10:00,2026-06-11,2026-06-25,cancelled
evt_sch_01066,I,2026-05-07 16:12:00,2026-05-07 16:13:00,sch_00871,child_057,aba,friday,08:00,08:30,2026-06-19,2026-08-18,cancelled
evt_sch_01067,I,2026-05-07 16:14:00,2026-05-07 16:15:00,sch_00872,child_032,to,tuesday,09:30,10:00,2026-05-02,2026-07-01,active
evt_sch_01068,I,2026-05-07 16:16:00,2026-05-07 16:17:00,sch_00873,child_002,to,sunday,09:30,10:00,2026-05-15,2026-05-29,cancelled
evt_sch_01069,I,2026-05-07 16:18:00,2026-05-07 16:19:00,sch_00874,child_022,fono,monday,13:00,15:00,2026-05-07,2026-06-21,active
evt_sch_01070,I,2026-05-07 16:20:00,2026-05-07 16:21:00,sch_00875,child_025,psicoped,tuesday,15:00,16:30,2026-06-30,2026-08-29,active
evt_sch_01071,U,2026-05-07 16:22:00,2026-05-07 16:23:00,sch_00875,child_025,psicoped,tuesday,15:00,16:30,2026-06-30,2026-08-29,active
evt_sch_01072,I,2026-05-07 16:24:00,2026-05-07 16:25:00,sch_00876,child_014,to,wednesday,09:00,09:30,2026-05-26,2026-07-10,active
evt_sch_01073,I,2026-05-07 16:26:00,2026-05-07 16:27:00,sch_00877,child_028,psico,tuesday,08:30,09:30,2026-06-11,2026-07-26,active
evt_sch_01074,I,2026-05-07 16:28:00,2026-05-07 16:29:00,sch_00878,child_028,psico,wednesday,16:00,17:30,2026-05-07,2026-06-06,active
evt_sch_01075,I,2026-05-07 16:30:00,2026-05-07 16:31:00,sch_00879,child_013,psicoped,wednesday,13:00,13:45,2026-05-22,2026-06-21,active
evt_sch_01076,I,2026-05-07 16:32:00,2026-05-07 16:33:00,sch_00880,child_041,psico,monday,11:00,11:30,2026-06-08,2026-08-07,active
evt_sch_01077,U,2026-05-07 16:34:00,2026-05-07 16:35:00,sch_00880,child_041,psico,monday,11:00,11:30,2026-06-08,2026-08-07,paused
evt_sch_01078,I,2026-05-07 16:36:00,2026-05-07 16:37:00,sch_00881,child_030,psicoped,friday,08:00,08:45,2026-05-02,2026-05-16,active
evt_sch_01079,I,2026-05-07 16:38:00,2026-05-07 16:39:00,sch_00882,child_055,fono,friday,08:30,09:00,2026-05-09,2026-06-23,active
evt_sch_01080,I,2026-05-07 16:40:00,2026-05-07 16:41:00,sch_00883,child_026,fono,thursday,09:30,10:00,2026-05-16,2026-07-15,cancelled
evt_sch_01081,I,2026-05-07 16:42:00,2026-05-07 16:43:00,sch_00884,child_043,fono,wednesday,11:00,11:30,2026-06-03,2026-08-02,active
evt_sch_01082,I,2026-05-07 16:44:00,2026-05-07 16:45:00,sch_00885,child_037,aba,tuesday,11:00,12:00,2026-05-16,2026-06-15,active
evt_sch_01083,U,2026-05-07 16:46:00,2026-05-07 16:47:00,sch_00885,child_037,aba,tuesday,11:00,12:00,2026-05-16,2026-06-15,paused
evt_sch_01084,I,2026-05-07 16:48:00,2026-05-07 16:49:00,sch_00886,child_032,fono,friday,13:00,15:00,2026-05-21,2026-06-20,active
evt_sch_01085,I,2026-05-07 16:50:00,2026-05-07 16:51:00,sch_00887,child_001,aba,sunday,14:00,14:30,2026-05-13,2026-05-27,active
evt_sch_01086,I,2026-05-07 16:52:00,2026-05-07 16:53:00,sch_00888,child_019,fono,tuesday,08:30,09:15,2026-06-07,2026-07-07,active
evt_sch_01087,I,2026-05-07 16:54:00,2026-05-07 16:55:00,sch_00889,child_011,psico,saturday,14:00,15:00,2026-05-11,2026-06-10,active
evt_sch_01088,I,2026-05-07 16:56:00,2026-05-07 16:57:00,sch_00890,child_023,psicoped,tuesday,10:00,11:00,2026-06-06,2026-08-05,paused
evt_sch_01089,U,2026-05-07 16:58:00,2026-05-07 16:59:00,sch_00890,child_023,psicoped,tuesday,10:00,11:00,2026-06-06,2026-08-05,active
evt_sch_01090,I,2026-05-07 17:00:00,2026-05-07 17:01:00,sch_00891,child_035,psico,monday,11:00,12:30,2026-05-25,2026-06-24,active
evt_sch_01091,I,2026-05-07 17:02:00,2026-05-07 17:03:00,sch_00892,child_055,psicoped,friday,13:00,13:45,2026-06-22,2026-08-21,active
evt_sch_01092,I,2026-05-07 17:04:00,2026-05-07 17:05:00,sch_00893,child_049,psico,sunday,08:30,09:30,2026-06-08,2026-07-08,active
evt_sch_01093,I,2026-05-07 17:06:00,2026-05-07 17:07:00,sch_00894,child_023,to,thursday,14:00,15:00,2026-05-30,2026-07-14,active
evt_sch_01094,I,2026-05-07 17:08:00,2026-05-07 17:09:00,sch_00895,child_078,psico,monday,11:00,11:45,2026-06-15,2026-08-14,active
evt_sch_01095,U,2026-05-07 17:10:00,2026-05-07 17:11:00,sch_00895,child_078,psico,monday,11:00,11:45,2026-06-15,2026-08-14,active
evt_sch_01096,I,2026-05-07 17:12:00,2026-05-07 17:13:00,sch_00896,child_001,aba,sunday,15:00,16:00,2026-06-01,2026-07-31,paused
evt_sch_01097,I,2026-05-07 17:14:00,2026-05-07 17:15:00,sch_00897,child_051,to,thursday,14:00,15:00,2026-06-11,2026-06-25,active
evt_sch_01098,I,2026-05-07 17:16:00,2026-05-07 17:17:00,sch_00898,child_005,aba,thursday,16:00,16:45,2026-05-13,2026-07-12,paused
evt_sch_01099,I,2026-05-07 17:18:00,2026-05-07 17:19:00,sch_00899,child_045,psicoped,saturday,14:00,15:00,2026-06-14,2026-06-28,active
evt_sch_01100,I,2026-05-07 17:20:00,2026-05-07 17:21:00,sch_00900,child_055,fono,tuesday,14:00,14:30,2026-06-28,2026-08-12,active
evt_sch_01101,U,2026-05-07 17:22:00,2026-05-07 17:23:00,sch_00900,child_055,fono,tuesday,14:00,14:30,2026-06-28,2026-08-12,paused
evt_sch_01102,I,2026-05-07 17:24:00,2026-05-07 17:25:00,sch_00901,child_004,fono,wednesday,16:00,17:30,2026-06-30,2026-07-30,active
evt_sch_01103,I,2026-05-07 17:26:00,2026-05-07 17:27:00,sch_00902,child_078,psicoped,saturday,09:00,09:30,2026-05-08,2026-05-22,active
evt_sch_01104,D,2026-05-07 17:28:00,2026-05-07 17:29:00,sch_00902,child_078,psicoped,saturday,09:00,09:30,2026-05-08,2026-05-22,cancelled
evt_sch_01105,I,2026-05-07 17:30:00,2026-05-07 17:31:00,sch_00903,child_050,psico,saturday,16:00,16:30,2026-06-03,2026-07-03,paused
evt_sch_01106,I,2026-05-07 17:32:00,2026-05-07 17:33:00,sch_00904,child_022,psico,wednesday,10:00,12:00,2026-06-04,2026-08-03,active
evt_sch_01107,I,2026-05-07 17:34:00,2026-05-07 17:35:00,sch_00905,child_053,aba,monday,16:00,17:00,2026-06-22,2026-07-22,active
evt_sch_01108,U,2026-05-07 17:36:00,2026-05-07 17:37:00,sch_00905,child_053,aba,monday,16:00,17:00,2026-06-22,2026-07-22,active
evt_sch_01109,I,2026-05-07 17:38:00,2026-05-07 17:39:00,sch_00906,child_051,to,monday,09:00,10:30,2026-05-01,2026-05-15,active
evt_sch_01110,I,2026-05-07 17:40:00,2026-05-07 17:41:00,sch_00907,child_054,psicoped,thursday,10:00,11:30,2026-05-11,2026-06-10,active
evt_sch_01111,I,2026-05-07 17:42:00,2026-05-07 17:43:00,sch_00908,child_018,fono,thursday,09:00,11:00,2026-06-30,2026-07-14,active
evt_sch_01112,I,2026-05-07 17:44:00,2026-05-07 17:45:00,sch_00909,child_028,fono,tuesday,08:00,08:45,2026-06-21,2026-07-21,active
evt_sch_01113,I,2026-05-07 17:46:00,2026-05-07 17:47:00,sch_00910,child_053,psico,saturday,16:00,16:30,2026-06-25,2026-07-25,active
evt_sch_01114,U,2026-05-07 17:48:00,2026-05-07 17:49:00,sch_00910,child_053,psico,saturday,16:00,16:30,2026-06-25,2026-07-25,active
evt_sch_01115,I,2026-05-07 17:50:00,2026-05-07 17:51:00,sch_00911,child_049,aba,wednesday,08:30,09:30,2026-05-02,2026-06-01,active
evt_sch_01116,I,2026-05-07 17:52:00,2026-05-07 17:53:00,sch_00912,child_013,aba,monday,10:00,10:30,2026-06-12,2026-06-26,active
evt_sch_01117,I,2026-05-07 17:54:00,2026-05-07 17:55:00,sch_00913,child_067,aba,thursday,16:00,18:00,2026-06-18,2026-08-02,paused
evt_sch_01118,I,2026-05-07 17:56:00,2026-05-07 17:57:00,sch_00914,child_061,to,friday,13:00,14:00,2026-05-24,2026-07-08,paused
evt_sch_01119,I,2026-05-07 17:58:00,2026-05-07 17:59:00,sch_00915,child_031,to,saturday,13:00,14:30,2026-06-09,2026-06-23,paused
evt_sch_01120,U,2026-05-07 18:00:00,2026-05-07 18:01:00,sch_00915,child_031,to,saturday,13:00,14:30,2026-06-09,2026-06-23,cancelled
evt_sch_01121,I,2026-05-07 18:02:00,2026-05-07 18:03:00,sch_00916,child_013,aba,thursday,13:00,13:45,2026-05-02,2026-05-16,paused
evt_sch_01122,I,2026-05-07 18:04:00,2026-05-07 18:05:00,sch_00917,child_036,fono,wednesday,14:00,16:00,2026-06-13,2026-08-12,active
evt_sch_01123,I,2026-05-07 18:06:00,2026-05-07 18:07:00,sch_00918,child_025,aba,saturday,11:00,11:30,2026-06-10,2026-07-25,paused
evt_sch_01124,I,2026-05-07 18:08:00,2026-05-07 18:09:00,sch_00919,child_042,psico,tuesday,16:00,17:30,2026-05-26,2026-06-09,active
evt_sch_01125,I,2026-05-07 18:10:00,2026-05-07 18:11:00,sch_00920,child_061,aba,saturday,13:00,14:00,2026-06-08,2026-07-08,cancelled
evt_sch_01126,U,2026-05-07 18:12:00,2026-05-07 18:13:00,sch_00920,child_061,aba,saturday,13:00,14:00,2026-06-08,2026-07-08,paused
evt_sch_01127,I,2026-05-07 18:14:00,2026-05-07 18:15:00,sch_00921,child_074,psicoped,monday,09:00,10:30,2026-06-20,2026-07-04,active
evt_sch_01128,I,2026-05-07 18:16:00,2026-05-07 18:17:00,sch_00922,child_071,psico,tuesday,14:00,14:30,2026-05-31,2026-06-30,active
evt_sch_01129,I,2026-05-07 18:18:00,2026-05-07 18:19:00,sch_00923,child_022,aba,monday,13:00,13:30,2026-05-11,2026-06-25,paused
evt_sch_01130,I,2026-05-07 18:20:00,2026-05-07 18:21:00,sch_00924,child_036,fono,saturday,10:00,11:30,2026-06-30,2026-07-14,active
evt_sch_01131,I,2026-05-07 18:22:00,2026-05-07 18:23:00,sch_00925,child_069,psico,monday,11:00,11:45,2026-06-29,2026-07-13,active
evt_sch_01132,U,2026-05-07 18:24:00,2026-05-07 18:25:00,sch_00925,child_069,psico,monday,11:00,11:45,2026-06-29,2026-07-13,cancelled
evt_sch_01133,I,2026-05-07 18:26:00,2026-05-07 18:27:00,sch_00926,child_049,psicoped,sunday,13:00,13:45,2026-05-15,2026-06-29,active
evt_sch_01134,I,2026-05-07 18:28:00,2026-05-07 18:29:00,sch_00927,child_012,aba,monday,11:00,13:00,2026-06-29,2026-07-29,cancelled
evt_sch_01135,I,2026-05-07 18:30:00,2026-05-07 18:31:00,sch_00928,child_015,psicoped,wednesday,09:00,10:00,2026-05-25,2026-06-08,active
evt_sch_01136,I,2026-05-07 18:32:00,2026-05-07 18:33:00,sch_00929,child_076,psicoped,tuesday,13:00,14:30,2026-05-21,2026-07-05,cancelled
evt_sch_01137,I,2026-05-07 18:34:00,2026-05-07 18:35:00,sch_00930,child_017,psicoped,saturday,16:00,18:00,2026-05-15,2026-05-29,active
evt_sch_01138,U,2026-05-07 18:36:00,2026-05-07 18:37:00,sch_00930,child_017,psicoped,saturday,16:00,18:00,2026-05-15,2026-05-29,paused
evt_sch_01139,I,2026-05-07 18:38:00,2026-05-07 18:39:00,sch_00931,child_059,to,tuesday,10:00,10:45,2026-06-01,2026-07-31,active
evt_sch_01140,I,2026-05-07 18:40:00,2026-05-07 18:41:00,sch_00932,child_037,fono,saturday,08:00,10:00,2026-05-21,2026-07-05,active
evt_sch_01141,I,2026-05-07 18:42:00,2026-05-07 18:43:00,sch_00933,child_016,to,sunday,16:00,17:30,2026-06-10,2026-07-10,active
evt_sch_01142,I,2026-05-07 18:44:00,2026-05-07 18:45:00,sch_00934,child_049,aba,sunday,11:00,11:45,2026-06-22,2026-07-22,cancelled
evt_sch_01143,I,2026-05-07 18:46:00,2026-05-07 18:47:00,sch_00935,child_029,aba,sunday,09:00,10:30,2026-06-16,2026-08-15,active
evt_sch_01144,U,2026-05-07 18:48:00,2026-05-07 18:49:00,sch_00935,child_029,aba,sunday,09:00,10:30,2026-06-16,2026-08-15,paused
evt_sch_01145,I,2026-05-07 18:50:00,2026-05-07 18:51:00,sch_00936,child_021,aba,friday,13:00,14:00,2026-05-28,2026-07-27,paused
evt_sch_01146,I,2026-05-07 18:52:00,2026-05-07 18:53:00,sch_00937,child_051,psico,monday,15:00,16:00,2026-05-19,2026-06-18,cancelled
evt_sch_01147,I,2026-05-07 18:54:00,2026-05-07 18:55:00,sch_00938,child_071,psico,monday,09:00,10:00,2026-06-18,2026-07-02,cancelled
evt_sch_01148,I,2026-05-07 18:56:00,2026-05-07 18:57:00,sch_00939,child_039,psico,saturday,09:00,11:00,2026-05-09,2026-07-08,active
evt_sch_01149,I,2026-05-07 18:58:00,2026-05-07 18:59:00,sch_00940,child_038,fono,tuesday,09:30,10:15,2026-06-17,2026-07-01,active
evt_sch_01150,U,2026-05-07 19:00:00,2026-05-07 19:01:00,sch_00940,child_038,fono,tuesday,09:30,10:15,2026-06-17,2026-07-01,paused
evt_sch_01151,I,2026-05-07 19:02:00,2026-05-07 19:03:00,sch_00941,child_014,fono,thursday,13:00,13:45,2026-06-29,2026-07-13,active
evt_sch_01152,I,2026-05-07 19:04:00,2026-05-07 19:05:00,sch_00942,child_061,fono,monday,08:30,10:30,2026-06-11,2026-07-26,active
evt_sch_01153,I,2026-05-07 19:06:00,2026-05-07 19:07:00,sch_00943,child_020,psico,tuesday,08:00,08:30,2026-05-16,2026-07-15,active
evt_sch_01154,D,2026-05-07 19:08:00,2026-05-07 19:09:00,sch_00943,child_020,psico,tuesday,08:00,08:30,2026-05-16,2026-07-15,cancelled
evt_sch_01155,I,2026-05-07 19:10:00,2026-05-07 19:11:00,sch_00944,child_077,fono,saturday,13:00,13:30,2026-06-19,2026-08-18,paused
evt_sch_01156,I,2026-05-07 19:12:00,2026-05-07 19:13:00,sch_00945,child_049,to,saturday,14:00,15:00,2026-05-01,2026-05-15,active
evt_sch_01157,U,2026-05-07 19:14:00,2026-05-07 19:15:00,sch_00945,child_049,to,saturday,14:00,15:00,2026-05-01,2026-05-15,active
evt_sch_01158,I,2026-05-07 19:16:00,2026-05-07 19:17:00,sch_00946,child_063,psicoped,tuesday,08:00,10:00,2026-06-06,2026-08-05,active
evt_sch_01159,I,2026-05-07 19:18:00,2026-05-07 19:19:00,sch_00947,child_013,psicoped,tuesday,13:00,14:30,2026-06-11,2026-08-10,active
evt_sch_01160,I,2026-05-07 19:20:00,2026-05-07 19:21:00,sch_00948,child_017,aba,wednesday,08:30,10:30,2026-05-12,2026-07-11,cancelled
evt_sch_01161,I,2026-05-07 19:22:00,2026-05-07 19:23:00,sch_00949,child_003,psico,friday,15:00,17:00,2026-06-01,2026-06-15,active
evt_sch_01162,I,2026-05-07 19:24:00,2026-05-07 19:25:00,sch_00950,child_075,psicoped,saturday,08:30,09:15,2026-06-12,2026-06-26,active
evt_sch_01163,U,2026-05-07 19:26:00,2026-05-07 19:27:00,sch_00950,child_075,psicoped,saturday,08:30,09:15,2026-06-12,2026-06-26,paused
evt_sch_01164,I,2026-05-07 19:28:00,2026-05-07 19:29:00,sch_00951,child_024,aba,friday,14:00,15:00,2026-05-08,2026-05-22,active
evt_sch_01165,I,2026-05-07 19:30:00,2026-05-07 19:31:00,sch_00952,child_027,fono,monday,15:00,16:00,2026-06-24,2026-07-08,active
evt_sch_01166,I,2026-05-07 19:32:00,2026-05-07 19:33:00,sch_00953,child_016,psicoped,wednesday,11:00,13:00,2026-05-11,2026-07-10,paused
evt_sch_01167,I,2026-05-07 19:34:00,2026-05-07 19:35:00,sch_00954,child_001,fono,wednesday,08:00,10:00,2026-06-27,2026-08-11,active
evt_sch_01168,I,2026-05-07 19:36:00,2026-05-07 19:37:00,sch_00955,child_057,fono,friday,14:00,15:00,2026-06-03,2026-07-18,active
evt_sch_01169,U,2026-05-07 19:38:00,2026-05-07 19:39:00,sch_00955,child_057,fono,friday,14:00,15:00,2026-06-03,2026-07-18,paused
evt_sch_01170,I,2026-05-07 19:40:00,2026-05-07 19:41:00,sch_00956,child_027,aba,saturday,08:00,08:45,2026-05-03,2026-06-02,active
evt_sch_01171,I,2026-05-07 19:42:00,2026-05-07 19:43:00,sch_00957,child_028,fono,friday,15:00,15:45,2026-06-07,2026-07-22,active
evt_sch_01172,I,2026-05-07 19:44:00,2026-05-07 19:45:00,sch_00958,child_080,psico,monday,15:00,16:00,2026-05-17,2026-07-16,active
evt_sch_01173,I,2026-05-07 19:46:00,2026-05-07 19:47:00,sch_00959,child_021,psico,thursday,08:30,09:30,2026-06-13,2026-08-12,paused
evt_sch_01174,I,2026-05-07 19:48:00,2026-05-07 19:49:00,sch_00960,child_019,psicoped,tuesday,08:30,09:30,2026-06-10,2026-07-10,cancelled
evt_sch_01175,U,2026-05-07 19:50:00,2026-05-07 19:51:00,sch_00960,child_019,psicoped,tuesday,08:30,09:30,2026-06-10,2026-07-10,paused
evt_sch_01176,I,2026-05-07 19:52:00,2026-05-07 19:53:00,sch_00961,child_066,psicoped,tuesday,13:00,13:45,2026-05-21,2026-07-20,active
evt_sch_01177,I,2026-05-07 19:54:00,2026-05-07 19:55:00,sch_00962,child_078,fono,monday,10:00,10:30,2026-06-04,2026-06-18,active
evt_sch_01178,I,2026-05-07 19:56:00,2026-05-07 19:57:00,sch_00963,child_053,aba,wednesday,08:30,09:30,2026-06-28,2026-08-12,cancelled
evt_sch_01179,I,2026-05-07 19:58:00,2026-05-07 19:59:00,sch_00964,child_019,fono,wednesday,08:00,08:30,2026-05-25,2026-06-24,active
evt_sch_01180,I,2026-05-07 20:00:00,2026-05-07 20:01:00,sch_00965,child_014,aba,tuesday,15:00,16:00,2026-06-07,2026-08-06,active
evt_sch_01181,U,2026-05-07 20:02:00,2026-05-07 20:03:00,sch_00965,child_014,aba,tuesday,15:00,16:00,2026-06-07,2026-08-06,cancelled
evt_sch_01182,I,2026-05-07 20:04:00,2026-05-07 20:05:00,sch_00966,child_074,to,friday,10:00,12:00,2026-05-07,2026-05-21,active
evt_sch_01183,I,2026-05-07 20:06:00,2026-05-07 20:07:00,sch_00967,child_050,fono,wednesday,15:00,17:00,2026-06-08,2026-08-07,active
evt_sch_01184,I,2026-05-07 20:08:00,2026-05-07 20:09:00,sch_00968,child_017,to,monday,15:00,15:45,2026-06-12,2026-07-12,active
evt_sch_01185,I,2026-05-07 20:10:00,2026-05-07 20:11:00,sch_00969,child_073,to,monday,11:00,11:45,2026-06-13,2026-08-12,cancelled
evt_sch_01186,I,2026-05-07 20:12:00,2026-05-07 20:13:00,sch_00970,child_024,psico,wednesday,14:00,16:00,2026-05-19,2026-07-03,paused
evt_sch_01187,U,2026-05-07 20:14:00,2026-05-07 20:15:00,sch_00970,child_024,psico,wednesday,14:00,16:00,2026-05-19,2026-07-03,paused
evt_sch_01188,I,2026-05-07 20:16:00,2026-05-07 20:17:00,sch_00971,child_030,to,saturday,08:30,09:30,2026-05-27,2026-07-11,cancelled
evt_sch_01189,I,2026-05-07 20:18:00,2026-05-07 20:19:00,sch_00972,child_011,aba,saturday,09:30,10:00,2026-05-11,2026-05-25,active
evt_sch_01190,I,2026-05-07 20:20:00,2026-05-07 20:21:00,sch_00973,child_037,psicoped,thursday,08:00,09:30,2026-06-13,2026-07-13,active
evt_sch_01191,I,2026-05-07 20:22:00,2026-05-07 20:23:00,sch_00974,child_066,psicoped,saturday,08:30,10:00,2026-05-01,2026-05-31,paused
evt_sch_01192,I,2026-05-07 20:24:00,2026-05-07 20:25:00,sch_00975,child_001,psico,saturday,15:00,16:00,2026-05-16,2026-05-30,active
evt_sch_01193,U,2026-05-07 20:26:00,2026-05-07 20:27:00,sch_00975,child_001,psico,saturday,15:00,16:00,2026-05-16,2026-05-30,active
evt_sch_01194,I,2026-05-07 20:28:00,2026-05-07 20:29:00,sch_00976,child_068,fono,tuesday,08:30,09:30,2026-06-23,2026-07-23,active
evt_sch_01195,I,2026-05-07 20:30:00,2026-05-07 20:31:00,sch_00977,child_007,psico,thursday,13:00,13:45,2026-05-24,2026-06-07,active
evt_sch_01196,I,2026-05-07 20:32:00,2026-05-07 20:33:00,sch_00978,child_032,psicoped,sunday,08:30,09:30,2026-05-20,2026-07-19,active
evt_sch_01197,I,2026-05-07 20:34:00,2026-05-07 20:35:00,sch_00979,child_028,aba,saturday,16:00,17:30,2026-05-14,2026-06-28,paused
evt_sch_01198,I,2026-05-07 20:36:00,2026-05-07 20:37:00,sch_00980,child_066,aba,thursday,16:00,17:30,2026-05-04,2026-06-18,active
evt_sch_01199,U,2026-05-07 20:38:00,2026-05-07 20:39:00,sch_00980,child_066,aba,thursday,16:00,17:30,2026-05-04,2026-06-18,cancelled
evt_sch_01200,I,2026-05-07 20:40:00,2026-05-07 20:41:00,sch_00981,child_043,to,wednesday,08:30,09:00,2026-05-23,2026-06-22,active
evt_sch_01201,I,2026-05-07 20:42:00,2026-05-07 20:43:00,sch_00982,child_002,aba,thursday,14:00,14:45,2026-05-06,2026-06-05,active
evt_sch_01202,I,2026-05-07 20:44:00,2026-05-07 20:45:00,sch_00983,child_063,aba,tuesday,10:00,10:45,2026-05-31,2026-07-30,active
evt_sch_01203,I,2026-05-07 20:46:00,2026-05-07 20:47:00,sch_00984,child_047,psico,tuesday,15:00,16:00,2026-05-07,2026-07-06,active
evt_sch_01204,D,2026-05-07 20:48:00,2026-05-07 20:49:00,sch_00984,child_047,psico,tuesday,15:00,16:00,2026-05-07,2026-07-06,cancelled
evt_sch_01205,I,2026-05-07 20:50:00,2026-05-07 20:51:00,sch_00985,child_057,fono,tuesday,11:00,12:30,2026-05-01,2026-06-15,paused
evt_sch_01206,U,2026-05-07 20:52:00,2026-05-07 20:53:00,sch_00985,child_057,fono,tuesday,11:00,12:30,2026-05-01,2026-06-15,paused
evt_sch_01207,I,2026-05-07 20:54:00,2026-05-07 20:55:00,sch_00986,child_026,aba,tuesday,10:00,10:30,2026-05-09,2026-07-08,active
evt_sch_01208,I,2026-05-07 20:56:00,2026-05-07 20:57:00,sch_00987,child_043,aba,tuesday,09:30,11:00,2026-06-12,2026-07-27,active
evt_sch_01209,I,2026-05-07 20:58:00,2026-05-07 20:59:00,sch_00988,child_063,psicoped,thursday,09:00,10:00,2026-06-18,2026-08-17,active
evt_sch_01210,I,2026-05-07 21:00:00,2026-05-07 21:01:00,sch_00989,child_050,fono,monday,08:30,09:00,2026-05-09,2026-06-08,active
evt_sch_01211,I,2026-05-07 21:02:00,2026-05-07 21:03:00,sch_00990,child_002,fono,monday,11:00,12:30,2026-06-08,2026-06-22,active
evt_sch_01212,U,2026-05-07 21:04:00,2026-05-07 21:05:00,sch_00990,child_002,fono,monday,11:00,12:30,2026-06-08,2026-06-22,cancelled
evt_sch_01213,I,2026-05-07 21:06:00,2026-05-07 21:07:00,sch_00991,child_037,psico,monday,13:00,13:45,2026-06-09,2026-07-09,cancelled
evt_sch_01214,I,2026-05-07 21:08:00,2026-05-07 21:09:00,sch_00992,child_024,fono,wednesday,08:30,09:30,2026-06-14,2026-07-14,active
evt_sch_01215,I,2026-05-07 21:10:00,2026-05-07 21:11:00,sch_00993,child_055,fono,thursday,08:30,10:30,2026-06-09,2026-07-09,active
evt_sch_01216,I,2026-05-07 21:12:00,2026-05-07 21:13:00,sch_00994,child_076,fono,tuesday,08:30,09:15,2026-05-26,2026-06-09,active
evt_sch_01217,I,2026-05-07 21:14:00,2026-05-07 21:15:00,sch_00995,child_025,fono,thursday,08:00,10:00,2026-05-13,2026-05-27,paused
evt_sch_01218,U,2026-05-07 21:16:00,2026-05-07 21:17:00,sch_00995,child_025,fono,thursday,08:00,10:00,2026-05-13,2026-05-27,cancelled
evt_sch_01219,I,2026-05-07 21:18:00,2026-05-07 21:19:00,sch_00996,child_053,psicoped,wednesday,09:30,10:15,2026-05-22,2026-07-21,active
evt_sch_01220,I,2026-05-07 21:20:00,2026-05-07 21:21:00,sch_00997,child_066,psico,saturday,08:00,09:00,2026-05-08,2026-06-22,active
evt_sch_01221,I,2026-05-07 21:22:00,2026-05-07 21:23:00,sch_00998,child_045,psico,tuesday,11:00,11:30,2026-05-12,2026-05-26,active
evt_sch_01222,I,2026-05-07 21:24:00,2026-05-07 21:25:00,sch_00999,child_042,fono,wednesday,14:00,15:00,2026-06-28,2026-07-12,active
evt_sch_01223,I,2026-05-07 21:26:00,2026-05-07 21:27:00,sch_01000,child_033,psico,wednesday,11:00,12:00,2026-05-08,2026-05-22,active
evt_sch_01224,U,2026-05-07 21:28:00,2026-05-07 21:29:00,sch_01000,child_033,psico,wednesday,11:00,12:00,2026-05-08,2026-05-22,paused
evt_sch_01225,I,2026-05-07 21:30:00,2026-05-07 21:31:00,sch_01001,child_071,fono,wednesday,11:00,12:00,2026-06-17,2026-08-01,active
evt_sch_01226,I,2026-05-07 21:32:00,2026-05-07 21:33:00,sch_01002,child_036,fono,friday,13:00,13:30,2026-06-26,2026-07-10,active
evt_sch_01227,I,2026-05-07 21:34:00,2026-05-07 21:35:00,sch_01003,child_078,aba,monday,16:00,16:45,2026-05-13,2026-07-12,paused
evt_sch_01228,I,2026-05-07 21:36:00,2026-05-07 21:37:00,sch_01004,child_010,psicoped,friday,11:00,12:00,2026-06-16,2026-08-15,paused
evt_sch_01229,I,2026-05-07 21:38:00,2026-05-07 21:39:00,sch_01005,child_026,psicoped,saturday,09:00,09:30,2026-05-09,2026-06-08,active
evt_sch_01230,U,2026-05-07 21:40:00,2026-05-07 21:41:00,sch_01005,child_026,psicoped,saturday,09:00,09:30,2026-05-09,2026-06-08,paused
evt_sch_01231,I,2026-05-07 21:42:00,2026-05-07 21:43:00,sch_01006,child_033,psicoped,wednesday,11:00,12:30,2026-06-10,2026-06-24,paused
evt_sch_01232,I,2026-05-07 21:44:00,2026-05-07 21:45:00,sch_01007,child_009,psico,thursday,15:00,17:00,2026-06-20,2026-07-04,active
evt_sch_01233,I,2026-05-07 21:46:00,2026-05-07 21:47:00,sch_01008,child_036,fono,wednesday,08:00,10:00,2026-05-04,2026-06-03,cancelled
evt_sch_01234,I,2026-05-07 21:48:00,2026-05-07 21:49:00,sch_01009,child_051,psico,saturday,15:00,17:00,2026-05-05,2026-06-04,active
evt_sch_01235,I,2026-05-07 21:50:00,2026-05-07 21:51:00,sch_01010,child_066,psico,friday,13:00,14:30,2026-06-08,2026-07-23,active
evt_sch_01236,U,2026-05-07 21:52:00,2026-05-07 21:53:00,sch_01010,child_066,psico,friday,13:00,14:30,2026-06-08,2026-07-23,active
evt_sch_01237,I,2026-05-07 21:54:00,2026-05-07 21:55:00,sch_01011,child_021,psicoped,tuesday,16:00,16:30,2026-06-26,2026-08-25,active
evt_sch_01238,I,2026-05-07 21:56:00,2026-05-07 21:57:00,sch_01012,child_068,to,wednesday,09:30,10:30,2026-06-15,2026-07-30,active
evt_sch_01239,I,2026-05-07 21:58:00,2026-05-07 21:59:00,sch_01013,child_022,fono,monday,15:00,15:45,2026-05-19,2026-06-02,active
evt_sch_01240,I,2026-05-07 22:00:00,2026-05-07 22:01:00,sch_01014,child_036,fono,wednesday,08:00,08:45,2026-06-22,2026-07-22,active
evt_sch_01241,I,2026-05-07 22:02:00,2026-05-07 22:03:00,sch_01015,child_001,to,saturday,16:00,17:00,2026-05-21,2026-06-04,paused
evt_sch_01242,U,2026-05-07 22:04:00,2026-05-07 22:05:00,sch_01015,child_001,to,saturday,16:00,17:00,2026-05-21,2026-06-04,paused
evt_sch_01243,I,2026-05-07 22:06:00,2026-05-07 22:07:00,sch_01016,child_034,fono,thursday,16:00,17:00,2026-05-21,2026-06-04,active
evt_sch_01244,I,2026-05-07 22:08:00,2026-05-07 22:09:00,sch_01017,child_002,to,tuesday,10:00,10:45,2026-05-17,2026-05-31,active
evt_sch_01245,I,2026-05-07 22:10:00,2026-05-07 22:11:00,sch_01018,child_075,aba,saturday,13:00,14:00,2026-06-25,2026-07-25,cancelled
evt_sch_01246,I,2026-05-07 22:12:00,2026-05-07 22:13:00,sch_01019,child_029,to,wednesday,09:30,11:30,2026-06-10,2026-08-09,active
evt_sch_01247,I,2026-05-07 22:14:00,2026-05-07 22:15:00,sch_01020,child_030,psico,wednesday,09:00,10:30,2026-05-06,2026-07-05,active
evt_sch_01248,U,2026-05-07 22:16:00,2026-05-07 22:17:00,sch_01020,child_030,psico,wednesday,09:00,10:30,2026-05-06,2026-07-05,active
evt_sch_01249,I,2026-05-07 22:18:00,2026-05-07 22:19:00,sch_01021,child_023,fono,friday,14:00,14:45,2026-06-11,2026-07-26,active
evt_sch_01250,I,2026-05-07 22:20:00,2026-05-07 22:21:00,sch_01022,child_021,fono,sunday,13:00,15:00,2026-05-13,2026-05-27,active
evt_sch_01251,I,2026-05-07 22:22:00,2026-05-07 22:23:00,sch_01023,child_055,fono,thursday,13:00,13:30,2026-06-16,2026-07-16,cancelled
evt_sch_01252,I,2026-05-07 22:24:00,2026-05-07 22:25:00,sch_01024,child_002,psicoped,monday,13:00,14:30,2026-05-02,2026-05-16,cancelled
evt_sch_01253,I,2026-05-07 22:26:00,2026-05-07 22:27:00,sch_01025,child_006,fono,tuesday,08:30,09:30,2026-05-10,2026-05-24,cancelled
evt_sch_01254,U,2026-05-07 22:28:00,2026-05-07 22:29:00,sch_01025,child_006,fono,tuesday,08:30,09:30,2026-05-10,2026-05-24,active
evt_sch_01255,D,2026-05-07 22:30:00,2026-05-07 22:31:00,sch_01025,child_006,fono,tuesday,08:30,09:30,2026-05-10,2026-05-24,cancelled
evt_sch_01256,I,2026-05-07 22:32:00,2026-05-07 22:33:00,sch_01026,child_014,psicoped,saturday,11:00,11:30,2026-05-13,2026-06-12,active
evt_sch_01257,I,2026-05-07 22:34:00,2026-05-07 22:35:00,sch_01027,child_073,psico,sunday,09:00,10:00,2026-05-22,2026-07-21,active
evt_sch_01258,I,2026-05-07 22:36:00,2026-05-07 22:37:00,sch_01028,child_008,psicoped,saturday,10:00,12:00,2026-05-08,2026-05-22,cancelled
evt_sch_01259,I,2026-05-07 22:38:00,2026-05-07 22:39:00,sch_01029,child_014,psicoped,wednesday,08:30,10:30,2026-06-26,2026-08-25,active
evt_sch_01260,I,2026-05-07 22:40:00,2026-05-07 22:41:00,sch_01030,child_029,aba,tuesday,13:00,14:30,2026-05-10,2026-06-24,active
evt_sch_01261,U,2026-05-07 22:42:00,2026-05-07 22:43:00,sch_01030,child_029,aba,tuesday,13:00,14:30,2026-05-10,2026-06-24,active
evt_sch_01262,I,2026-05-07 22:44:00,2026-05-07 22:45:00,sch_01031,child_050,aba,thursday,09:00,09:30,2026-05-15,2026-05-29,paused
evt_sch_01263,I,2026-05-07 22:46:00,2026-05-07 22:47:00,sch_01032,child_037,to,monday,16:00,17:00,2026-05-08,2026-06-22,paused
evt_sch_01264,I,2026-05-07 22:48:00,2026-05-07 22:49:00,sch_01033,child_011,aba,friday,09:00,09:45,2026-05-28,2026-07-12,active
evt_sch_01265,I,2026-05-07 22:50:00,2026-05-07 22:51:00,sch_01034,child_055,fono,saturday,10:00,12:00,2026-06-22,2026-08-06,active
evt_sch_01266,I,2026-05-07 22:52:00,2026-05-07 22:53:00,sch_01035,child_014,to,thursday,11:00,12:00,2026-06-21,2026-07-05,cancelled
evt_sch_01267,U,2026-05-07 22:54:00,2026-05-07 22:55:00,sch_01035,child_014,to,thursday,11:00,12:00,2026-06-21,2026-07-05,active
evt_sch_01268,I,2026-05-07 22:56:00,2026-05-07 22:57:00,sch_01036,child_019,to,tuesday,13:00,14:30,2026-06-16,2026-08-15,cancelled
evt_sch_01269,I,2026-05-07 22:58:00,2026-05-07 22:59:00,sch_01037,child_015,psicoped,thursday,10:00,10:45,2026-05-06,2026-06-20,paused
evt_sch_01270,I,2026-05-07 23:00:00,2026-05-07 23:01:00,sch_01038,child_024,psico,wednesday,11:00,12:30,2026-05-28,2026-07-27,active
evt_sch_01271,I,2026-05-07 23:02:00,2026-05-07 23:03:00,sch_01039,child_053,psicoped,sunday,11:00,11:45,2026-06-21,2026-07-21,active
evt_sch_01272,I,2026-05-07 23:04:00,2026-05-07 23:05:00,sch_01040,child_071,psico,friday,15:00,16:30,2026-06-04,2026-07-04,active
evt_sch_01273,U,2026-05-07 23:06:00,2026-05-07 23:07:00,sch_01040,child_071,psico,friday,15:00,16:30,2026-06-04,2026-07-04,paused
evt_sch_01274,I,2026-05-07 23:08:00,2026-05-07 23:09:00,sch_01041,child_054,psicoped,friday,09:30,10:00,2026-05-16,2026-06-30,active
evt_sch_01275,I,2026-05-07 23:10:00,2026-05-07 23:11:00,sch_01042,child_003,to,friday,14:00,14:45,2026-06-28,2026-07-12,active
evt_sch_01276,I,2026-05-07 23:12:00,2026-05-07 23:13:00,sch_01043,child_045,to,sunday,09:00,10:00,2026-05-30,2026-06-29,cancelled
evt_sch_01277,I,2026-05-07 23:14:00,2026-05-07 23:15:00,sch_01044,child_071,psico,tuesday,09:30,10:15,2026-05-04,2026-06-03,active
evt_sch_01278,I,2026-05-07 23:16:00,2026-05-07 23:17:00,sch_01045,child_019,psico,saturday,08:00,09:30,2026-05-24,2026-06-07,cancelled
evt_sch_01279,U,2026-05-07 23:18:00,2026-05-07 23:19:00,sch_01045,child_019,psico,saturday,08:00,09:30,2026-05-24,2026-06-07,paused
evt_sch_01280,I,2026-05-07 23:20:00,2026-05-07 23:21:00,sch_01046,child_075,aba,thursday,16:00,16:45,2026-05-02,2026-06-01,active
evt_sch_01281,I,2026-05-07 23:22:00,2026-05-07 23:23:00,sch_01047,child_011,fono,monday,08:00,10:00,2026-06-23,2026-08-22,active
evt_sch_01282,I,2026-05-07 23:24:00,2026-05-07 23:25:00,sch_01048,child_024,psico,saturday,09:00,11:00,2026-06-14,2026-07-29,active
evt_sch_01283,I,2026-05-07 23:26:00,2026-05-07 23:27:00,sch_01049,child_044,psico,sunday,08:00,09:00,2026-05-08,2026-06-07,active
evt_sch_01284,I,2026-05-07 23:28:00,2026-05-07 23:29:00,sch_01050,child_005,psicoped,sunday,09:00,11:00,2026-05-11,2026-05-25,active
evt_sch_01285,U,2026-05-07 23:30:00,2026-05-07 23:31:00,sch_01050,child_005,psicoped,sunday,09:00,11:00,2026-05-11,2026-05-25,cancelled
evt_sch_01286,I,2026-05-07 23:32:00,2026-05-07 23:33:00,sch_01051,child_059,psicoped,saturday,10:00,12:00,2026-06-02,2026-07-17,cancelled
evt_sch_01287,I,2026-05-07 23:34:00,2026-05-07 23:35:00,sch_01052,child_055,fono,wednesday,08:30,10:30,2026-05-25,2026-06-24,cancelled
evt_sch_01288,I,2026-05-07 23:36:00,2026-05-07 23:37:00,sch_01053,child_052,psicoped,monday,09:30,11:00,2026-05-12,2026-05-26,cancelled
evt_sch_01289,I,2026-05-07 23:38:00,2026-05-07 23:39:00,sch_01054,child_060,psico,wednesday,13:00,14:30,2026-05-11,2026-05-25,cancelled
evt_sch_01290,I,2026-05-07 23:40:00,2026-05-07 23:41:00,sch_01055,child_055,fono,wednesday,08:30,09:00,2026-05-05,2026-06-19,active
evt_sch_01291,U,2026-05-07 23:42:00,2026-05-07 23:43:00,sch_01055,child_055,fono,wednesday,08:30,09:00,2026-05-05,2026-06-19,cancelled
evt_sch_01292,I,2026-05-07 23:44:00,2026-05-07 23:45:00,sch_01056,child_004,fono,wednesday,09:00,11:00,2026-05-07,2026-05-21,active
evt_sch_01293,I,2026-05-07 23:46:00,2026-05-07 23:47:00,sch_01057,child_002,to,tuesday,15:00,15:45,2026-06-10,2026-06-24,active
evt_sch_01294,I,2026-05-07 23:48:00,2026-05-07 23:49:00,sch_01058,child_011,psicoped,friday,08:00,10:00,2026-06-20,2026-08-19,active
evt_sch_01295,I,2026-05-07 23:50:00,2026-05-07 23:51:00,sch_01059,child_041,aba,wednesday,08:00,09:00,2026-06-18,2026-08-02,paused
evt_sch_01296,I,2026-05-07 23:52:00,2026-05-07 23:53:00,sch_01060,child_065,fono,wednesday,13:00,14:00,2026-05-09,2026-05-23,active
evt_sch_01297,U,2026-05-07 23:54:00,2026-05-07 23:55:00,sch_01060,child_065,fono,wednesday,13:00,14:00,2026-05-09,2026-05-23,paused
evt_sch_01298,I,2026-05-07 23:56:00,2026-05-07 23:57:00,sch_01061,child_065,aba,friday,09:00,09:30,2026-06-07,2026-08-06,active
evt_sch_01299,I,2026-05-07 23:58:00,2026-05-07 23:59:00,sch_01062,child_005,to,tuesday,09:00,10:30,2026-05-06,2026-05-20,paused
evt_sch_01300,I,2026-05-08 00:00:00,2026-05-08 00:01:00,sch_01063,child_030,fono,sunday,09:00,09:45,2026-06-02,2026-07-17,active
evt_sch_01301,I,2026-05-08 00:02:00,2026-05-08 00:03:00,sch_01064,child_017,to,wednesday,11:00,13:00,2026-06-24,2026-08-23,active
evt_sch_01302,I,2026-05-08 00:04:00,2026-05-08 00:05:00,sch_01065,child_050,fono,tuesday,16:00,18:00,2026-05-05,2026-06-04,active
evt_sch_01303,U,2026-05-08 00:06:00,2026-05-08 00:07:00,sch_01065,child_050,fono,tuesday,16:00,18:00,2026-05-05,2026-06-04,cancelled
evt_sch_01304,I,2026-05-08 00:08:00,2026-05-08 00:09:00,sch_01066,child_013,aba,tuesday,10:00,12:00,2026-06-25,2026-07-09,active
evt_sch_01305,D,2026-05-08 00:10:00,2026-05-08 00:11:00,sch_01066,child_013,aba,tuesday,10:00,12:00,2026-06-25,2026-07-09,cancelled
evt_sch_01306,I,2026-05-08 00:12:00,2026-05-08 00:13:00,sch_01067,child_059,to,tuesday,10:00,10:45,2026-05-05,2026-06-19,active
evt_sch_01307,I,2026-05-08 00:14:00,2026-05-08 00:15:00,sch_01068,child_046,aba,monday,09:00,10:30,2026-05-17,2026-07-16,paused
evt_sch_01308,I,2026-05-08 00:16:00,2026-05-08 00:17:00,sch_01069,child_057,fono,monday,16:00,17:30,2026-05-03,2026-06-17,paused
evt_sch_01309,I,2026-05-08 00:18:00,2026-05-08 00:19:00,sch_01070,child_052,psico,sunday,16:00,16:45,2026-05-29,2026-07-13,active
evt_sch_01310,U,2026-05-08 00:20:00,2026-05-08 00:21:00,sch_01070,child_052,psico,sunday,16:00,16:45,2026-05-29,2026-07-13,paused
evt_sch_01311,I,2026-05-08 00:22:00,2026-05-08 00:23:00,sch_01071,child_041,to,monday,13:00,15:00,2026-05-29,2026-07-13,paused
evt_sch_01312,I,2026-05-08 00:24:00,2026-05-08 00:25:00,sch_01072,child_006,psicoped,saturday,08:00,08:45,2026-06-14,2026-06-28,active
evt_sch_01313,I,2026-05-08 00:26:00,2026-05-08 00:27:00,sch_01073,child_014,to,thursday,09:00,11:00,2026-05-26,2026-06-09,active
evt_sch_01314,I,2026-05-08 00:28:00,2026-05-08 00:29:00,sch_01074,child_060,aba,wednesday,14:00,15:30,2026-06-11,2026-08-10,active
evt_sch_01315,I,2026-05-08 00:30:00,2026-05-08 00:31:00,sch_01075,child_024,aba,thursday,13:00,13:45,2026-05-26,2026-07-10,active
evt_sch_01316,U,2026-05-08 00:32:00,2026-05-08 00:33:00,sch_01075,child_024,aba,thursday,13:00,13:45,2026-05-26,2026-07-10,cancelled
evt_sch_01317,I,2026-05-08 00:34:00,2026-05-08 00:35:00,sch_01076,child_078,psico,tuesday,14:00,14:30,2026-05-18,2026-07-17,active
evt_sch_01318,I,2026-05-08 00:36:00,2026-05-08 00:37:00,sch_01077,child_020,psico,tuesday,09:30,10:30,2026-06-06,2026-06-20,paused
evt_sch_01319,I,2026-05-08 00:38:00,2026-05-08 00:39:00,sch_01078,child_049,aba,sunday,11:00,12:30,2026-05-31,2026-06-30,active
evt_sch_01320,I,2026-05-08 00:40:00,2026-05-08 00:41:00,sch_01079,child_003,psico,wednesday,10:00,10:45,2026-05-06,2026-06-05,active
evt_sch_01321,I,2026-05-08 00:42:00,2026-05-08 00:43:00,sch_01080,child_052,aba,wednesday,14:00,15:30,2026-06-03,2026-07-03,active
evt_sch_01322,U,2026-05-08 00:44:00,2026-05-08 00:45:00,sch_01080,child_052,aba,wednesday,14:00,15:30,2026-06-03,2026-07-03,cancelled
evt_sch_01323,I,2026-05-08 00:46:00,2026-05-08 00:47:00,sch_01081,child_024,aba,monday,13:00,14:00,2026-06-18,2026-08-02,active
evt_sch_01324,I,2026-05-08 00:48:00,2026-05-08 00:49:00,sch_01082,child_045,psico,thursday,14:00,16:00,2026-06-14,2026-07-14,paused
evt_sch_01325,I,2026-05-08 00:50:00,2026-05-08 00:51:00,sch_01083,child_056,to,saturday,16:00,17:30,2026-06-22,2026-07-06,active
evt_sch_01326,I,2026-05-08 00:52:00,2026-05-08 00:53:00,sch_01084,child_077,fono,monday,16:00,18:00,2026-05-10,2026-06-24,active
evt_sch_01327,I,2026-05-08 00:54:00,2026-05-08 00:55:00,sch_01085,child_041,aba,tuesday,14:00,14:45,2026-06-01,2026-07-16,active
evt_sch_01328,U,2026-05-08 00:56:00,2026-05-08 00:57:00,sch_01085,child_041,aba,tuesday,14:00,14:45,2026-06-01,2026-07-16,paused
evt_sch_01329,I,2026-05-08 00:58:00,2026-05-08 00:59:00,sch_01086,child_053,to,friday,08:00,09:30,2026-06-30,2026-07-30,active
evt_sch_01330,I,2026-05-08 01:00:00,2026-05-08 01:01:00,sch_01087,child_075,aba,monday,09:30,10:15,2026-05-27,2026-06-26,active
evt_sch_01331,I,2026-05-08 01:02:00,2026-05-08 01:03:00,sch_01088,child_028,to,tuesday,09:30,11:30,2026-05-01,2026-06-15,cancelled
evt_sch_01332,I,2026-05-08 01:04:00,2026-05-08 01:05:00,sch_01089,child_003,to,wednesday,15:00,15:30,2026-06-14,2026-08-13,active
evt_sch_01333,I,2026-05-08 01:06:00,2026-05-08 01:07:00,sch_01090,child_059,psico,thursday,11:00,12:00,2026-06-23,2026-08-22,active
evt_sch_01334,U,2026-05-08 01:08:00,2026-05-08 01:09:00,sch_01090,child_059,psico,thursday,11:00,12:00,2026-06-23,2026-08-22,cancelled
evt_sch_01335,I,2026-05-08 01:10:00,2026-05-08 01:11:00,sch_01091,child_015,fono,thursday,13:00,14:00,2026-05-12,2026-06-11,active
evt_sch_01336,I,2026-05-08 01:12:00,2026-05-08 01:13:00,sch_01092,child_049,to,sunday,13:00,14:00,2026-06-14,2026-06-28,paused
evt_sch_01337,I,2026-05-08 01:14:00,2026-05-08 01:15:00,sch_01093,child_014,aba,saturday,08:00,10:00,2026-06-29,2026-08-28,active
evt_sch_01338,I,2026-05-08 01:16:00,2026-05-08 01:17:00,sch_01094,child_080,psicoped,monday,14:00,16:00,2026-06-07,2026-06-21,active
evt_sch_01339,I,2026-05-08 01:18:00,2026-05-08 01:19:00,sch_01095,child_054,fono,tuesday,14:00,16:00,2026-05-25,2026-06-08,active
evt_sch_01340,U,2026-05-08 01:20:00,2026-05-08 01:21:00,sch_01095,child_054,fono,tuesday,14:00,16:00,2026-05-25,2026-06-08,cancelled
evt_sch_01341,I,2026-05-08 01:22:00,2026-05-08 01:23:00,sch_01096,child_016,to,sunday,14:00,15:30,2026-06-28,2026-08-27,active
evt_sch_01342,I,2026-05-08 01:24:00,2026-05-08 01:25:00,sch_01097,child_048,fono,friday,10:00,11:00,2026-06-26,2026-08-10,active
evt_sch_01343,I,2026-05-08 01:26:00,2026-05-08 01:27:00,sch_01098,child_054,fono,monday,13:00,13:30,2026-05-01,2026-05-15,active
evt_sch_01344,I,2026-05-08 01:28:00,2026-05-08 01:29:00,sch_01099,child_048,psicoped,sunday,16:00,17:00,2026-05-22,2026-06-21,paused
evt_sch_01345,I,2026-05-08 01:30:00,2026-05-08 01:31:00,sch_01100,child_056,fono,friday,13:00,13:45,2026-06-09,2026-08-08,cancelled
evt_sch_01346,U,2026-05-08 01:32:00,2026-05-08 01:33:00,sch_01100,child_056,fono,friday,13:00,13:45,2026-06-09,2026-08-08,paused
evt_sch_01347,I,2026-05-08 01:34:00,2026-05-08 01:35:00,sch_01101,child_055,fono,saturday,13:00,13:45,2026-05-26,2026-07-10,active
evt_sch_01348,I,2026-05-08 01:36:00,2026-05-08 01:37:00,sch_01102,child_056,fono,monday,09:00,11:00,2026-05-08,2026-07-07,cancelled
evt_sch_01349,I,2026-05-08 01:38:00,2026-05-08 01:39:00,sch_01103,child_034,psicoped,tuesday,11:00,11:45,2026-05-06,2026-05-20,active
evt_sch_01350,I,2026-05-08 01:40:00,2026-05-08 01:41:00,sch_01104,child_002,psicoped,tuesday,08:00,10:00,2026-06-15,2026-06-29,active
evt_sch_01351,I,2026-05-08 01:42:00,2026-05-08 01:43:00,sch_01105,child_004,fono,thursday,11:00,11:45,2026-05-16,2026-06-15,active
evt_sch_01352,U,2026-05-08 01:44:00,2026-05-08 01:45:00,sch_01105,child_004,fono,thursday,11:00,11:45,2026-05-16,2026-06-15,paused
evt_sch_01353,I,2026-05-08 01:46:00,2026-05-08 01:47:00,sch_01106,child_032,psico,sunday,10:00,10:30,2026-05-18,2026-06-01,paused
evt_sch_01354,I,2026-05-08 01:48:00,2026-05-08 01:49:00,sch_01107,child_003,psicoped,sunday,08:30,09:00,2026-05-30,2026-06-13,active
evt_sch_01355,D,2026-05-08 01:50:00,2026-05-08 01:51:00,sch_01107,child_003,psicoped,sunday,08:30,09:00,2026-05-30,2026-06-13,cancelled
evt_sch_01356,I,2026-05-08 01:52:00,2026-05-08 01:53:00,sch_01108,child_037,to,tuesday,08:30,09:00,2026-06-01,2026-07-16,paused
evt_sch_01357,I,2026-05-08 01:54:00,2026-05-08 01:55:00,sch_01109,child_027,psico,monday,14:00,14:30,2026-05-27,2026-06-10,active
evt_sch_01358,I,2026-05-08 01:56:00,2026-05-08 01:57:00,sch_01110,child_010,fono,saturday,13:00,14:30,2026-06-26,2026-08-10,active
evt_sch_01359,U,2026-05-08 01:58:00,2026-05-08 01:59:00,sch_01110,child_010,fono,saturday,13:00,14:30,2026-06-26,2026-08-10,cancelled
evt_sch_01360,I,2026-05-08 02:00:00,2026-05-08 02:01:00,sch_01111,child_021,fono,wednesday,08:00,08:45,2026-06-12,2026-06-26,active
evt_sch_01361,I,2026-05-08 02:02:00,2026-05-08 02:03:00,sch_01112,child_044,to,thursday,16:00,18:00,2026-06-04,2026-06-18,active
evt_sch_01362,I,2026-05-08 02:04:00,2026-05-08 02:05:00,sch_01113,child_033,aba,tuesday,16:00,16:30,2026-06-04,2026-06-18,active
evt_sch_01363,I,2026-05-08 02:06:00,2026-05-08 02:07:00,sch_01114,child_020,fono,sunday,11:00,11:30,2026-06-27,2026-07-27,active
evt_sch_01364,I,2026-05-08 02:08:00,2026-05-08 02:09:00,sch_01115,child_018,fono,monday,09:00,10:00,2026-05-18,2026-07-17,active
evt_sch_01365,U,2026-05-08 02:10:00,2026-05-08 02:11:00,sch_01115,child_018,fono,monday,09:00,10:00,2026-05-18,2026-07-17,active
evt_sch_01366,I,2026-05-08 02:12:00,2026-05-08 02:13:00,sch_01116,child_045,psicoped,saturday,10:00,11:30,2026-06-17,2026-08-16,active
evt_sch_01367,I,2026-05-08 02:14:00,2026-05-08 02:15:00,sch_01117,child_052,fono,wednesday,09:00,09:45,2026-06-13,2026-07-28,paused
evt_sch_01368,I,2026-05-08 02:16:00,2026-05-08 02:17:00,sch_01118,child_014,psicoped,sunday,16:00,17:00,2026-05-11,2026-06-10,paused
evt_sch_01369,I,2026-05-08 02:18:00,2026-05-08 02:19:00,sch_01119,child_063,psico,thursday,13:00,15:00,2026-06-17,2026-08-01,cancelled
evt_sch_01370,I,2026-05-08 02:20:00,2026-05-08 02:21:00,sch_01120,child_080,aba,friday,13:00,14:30,2026-05-13,2026-06-27,active
evt_sch_01371,U,2026-05-08 02:22:00,2026-05-08 02:23:00,sch_01120,child_080,aba,friday,13:00,14:30,2026-05-13,2026-06-27,paused
evt_sch_01372,I,2026-05-08 02:24:00,2026-05-08 02:25:00,sch_01121,child_009,psico,tuesday,08:00,10:00,2026-05-17,2026-07-16,active
evt_sch_01373,I,2026-05-08 02:26:00,2026-05-08 02:27:00,sch_01122,child_068,to,thursday,08:00,08:30,2026-05-12,2026-06-26,active
evt_sch_01374,I,2026-05-08 02:28:00,2026-05-08 02:29:00,sch_01123,child_024,to,tuesday,08:30,09:15,2026-06-12,2026-07-27,active
evt_sch_01375,I,2026-05-08 02:30:00,2026-05-08 02:31:00,sch_01124,child_041,aba,monday,11:00,11:30,2026-06-15,2026-07-30,active
evt_sch_01376,I,2026-05-08 02:32:00,2026-05-08 02:33:00,sch_01125,child_073,to,tuesday,15:00,15:30,2026-05-25,2026-07-09,active
evt_sch_01377,U,2026-05-08 02:34:00,2026-05-08 02:35:00,sch_01125,child_073,to,tuesday,15:00,15:30,2026-05-25,2026-07-09,paused
evt_sch_01378,I,2026-05-08 02:36:00,2026-05-08 02:37:00,sch_01126,child_028,aba,friday,10:00,12:00,2026-06-30,2026-07-14,active
evt_sch_01379,I,2026-05-08 02:38:00,2026-05-08 02:39:00,sch_01127,child_054,psico,wednesday,11:00,11:45,2026-05-13,2026-05-27,cancelled
evt_sch_01380,I,2026-05-08 02:40:00,2026-05-08 02:41:00,sch_01128,child_064,aba,wednesday,13:00,13:30,2026-05-08,2026-07-07,active
evt_sch_01381,I,2026-05-08 02:42:00,2026-05-08 02:43:00,sch_01129,child_042,psicoped,thursday,09:30,11:30,2026-05-02,2026-06-16,active
evt_sch_01382,I,2026-05-08 02:44:00,2026-05-08 02:45:00,sch_01130,child_074,aba,thursday,10:00,10:45,2026-06-23,2026-08-22,active
evt_sch_01383,U,2026-05-08 02:46:00,2026-05-08 02:47:00,sch_01130,child_074,aba,thursday,10:00,10:45,2026-06-23,2026-08-22,paused
evt_sch_01384,I,2026-05-08 02:48:00,2026-05-08 02:49:00,sch_01131,child_068,aba,wednesday,08:00,08:30,2026-05-31,2026-06-14,cancelled
evt_sch_01385,I,2026-05-08 02:50:00,2026-05-08 02:51:00,sch_01132,child_054,to,wednesday,11:00,12:00,2026-05-26,2026-06-09,active
evt_sch_01386,I,2026-05-08 02:52:00,2026-05-08 02:53:00,sch_01133,child_041,psico,friday,08:00,09:30,2026-05-20,2026-07-19,active
evt_sch_01387,I,2026-05-08 02:54:00,2026-05-08 02:55:00,sch_01134,child_016,to,friday,08:30,09:00,2026-05-15,2026-05-29,cancelled
evt_sch_01388,I,2026-05-08 02:56:00,2026-05-08 02:57:00,sch_01135,child_018,aba,wednesday,13:00,13:45,2026-05-11,2026-05-25,active
evt_sch_01389,U,2026-05-08 02:58:00,2026-05-08 02:59:00,sch_01135,child_018,aba,wednesday,13:00,13:45,2026-05-11,2026-05-25,cancelled
evt_sch_01390,I,2026-05-08 03:00:00,2026-05-08 03:01:00,sch_01136,child_069,aba,saturday,08:00,09:00,2026-06-26,2026-07-10,active
evt_sch_01391,I,2026-05-08 03:02:00,2026-05-08 03:03:00,sch_01137,child_039,aba,wednesday,11:00,13:00,2026-06-20,2026-08-19,active
evt_sch_01392,I,2026-05-08 03:04:00,2026-05-08 03:05:00,sch_01138,child_022,fono,friday,14:00,14:30,2026-05-09,2026-06-23,paused
evt_sch_01393,I,2026-05-08 03:06:00,2026-05-08 03:07:00,sch_01139,child_075,psico,saturday,14:00,14:30,2026-06-03,2026-07-03,active
evt_sch_01394,I,2026-05-08 03:08:00,2026-05-08 03:09:00,sch_01140,child_063,to,wednesday,14:00,14:45,2026-05-06,2026-06-20,cancelled
evt_sch_01395,U,2026-05-08 03:10:00,2026-05-08 03:11:00,sch_01140,child_063,to,wednesday,14:00,14:45,2026-05-06,2026-06-20,paused
evt_sch_01396,I,2026-05-08 03:12:00,2026-05-08 03:13:00,sch_01141,child_011,to,friday,09:30,10:15,2026-06-14,2026-06-28,active
evt_sch_01397,I,2026-05-08 03:14:00,2026-05-08 03:15:00,sch_01142,child_064,aba,tuesday,08:00,08:45,2026-05-30,2026-07-29,active
evt_sch_01398,I,2026-05-08 03:16:00,2026-05-08 03:17:00,sch_01143,child_014,to,tuesday,16:00,18:00,2026-06-02,2026-07-17,cancelled
evt_sch_01399,I,2026-05-08 03:18:00,2026-05-08 03:19:00,sch_01144,child_040,psico,saturday,09:00,11:00,2026-05-07,2026-06-06,active
evt_sch_01400,I,2026-05-08 03:20:00,2026-05-08 03:21:00,sch_01145,child_047,psico,thursday,16:00,18:00,2026-05-13,2026-07-12,active
evt_sch_01401,U,2026-05-08 03:22:00,2026-05-08 03:23:00,sch_01145,child_047,psico,thursday,16:00,18:00,2026-05-13,2026-07-12,cancelled
evt_sch_01402,I,2026-05-08 03:24:00,2026-05-08 03:25:00,sch_01146,child_055,fono,saturday,10:00,12:00,2026-06-11,2026-06-25,active
evt_sch_01403,I,2026-05-08 03:26:00,2026-05-08 03:27:00,sch_01147,child_014,aba,tuesday,08:00,09:30,2026-05-12,2026-06-26,active
evt_sch_01404,I,2026-05-08 03:28:00,2026-05-08 03:29:00,sch_01148,child_068,psico,wednesday,10:00,10:30,2026-06-29,2026-07-13,active
evt_sch_01405,D,2026-05-08 03:30:00,2026-05-08 03:31:00,sch_01148,child_068,psico,wednesday,10:00,10:30,2026-06-29,2026-07-13,cancelled
evt_sch_01406,I,2026-05-08 03:32:00,2026-05-08 03:33:00,sch_01149,child_028,fono,thursday,15:00,16:30,2026-06-02,2026-07-17,active
evt_sch_01407,I,2026-05-08 03:34:00,2026-05-08 03:35:00,sch_01150,child_035,to,monday,08:00,09:30,2026-06-16,2026-08-15,active
evt_sch_01408,U,2026-05-08 03:36:00,2026-05-08 03:37:00,sch_01150,child_035,to,monday,08:00,09:30,2026-06-16,2026-08-15,active
evt_sch_01409,I,2026-05-08 03:38:00,2026-05-08 03:39:00,sch_01151,child_052,fono,friday,10:00,12:00,2026-06-08,2026-08-07,active
evt_sch_01410,I,2026-05-08 03:40:00,2026-05-08 03:41:00,sch_01152,child_014,aba,saturday,09:30,10:00,2026-05-15,2026-05-29,active
evt_sch_01411,I,2026-05-08 03:42:00,2026-05-08 03:43:00,sch_01153,child_005,psicoped,wednesday,09:30,10:00,2026-06-04,2026-06-18,active
evt_sch_01412,I,2026-05-08 03:44:00,2026-05-08 03:45:00,sch_01154,child_080,psico,thursday,13:00,13:30,2026-05-15,2026-06-29,active
evt_sch_01413,I,2026-05-08 03:46:00,2026-05-08 03:47:00,sch_01155,child_022,fono,wednesday,10:00,12:00,2026-05-19,2026-06-02,active
evt_sch_01414,U,2026-05-08 03:48:00,2026-05-08 03:49:00,sch_01155,child_022,fono,wednesday,10:00,12:00,2026-05-19,2026-06-02,paused
evt_sch_01415,I,2026-05-08 03:50:00,2026-05-08 03:51:00,sch_01156,child_080,psico,saturday,10:00,10:45,2026-05-11,2026-06-25,active
evt_sch_01416,I,2026-05-08 03:52:00,2026-05-08 03:53:00,sch_01157,child_022,fono,wednesday,14:00,14:45,2026-05-01,2026-06-30,active
evt_sch_01417,I,2026-05-08 03:54:00,2026-05-08 03:55:00,sch_01158,child_003,fono,wednesday,08:30,09:15,2026-06-13,2026-06-27,active
evt_sch_01418,I,2026-05-08 03:56:00,2026-05-08 03:57:00,sch_01159,child_061,psicoped,monday,14:00,14:45,2026-05-31,2026-06-14,active
evt_sch_01419,I,2026-05-08 03:58:00,2026-05-08 03:59:00,sch_01160,child_003,psicoped,saturday,10:00,10:45,2026-06-03,2026-07-03,cancelled
evt_sch_01420,U,2026-05-08 04:00:00,2026-05-08 04:01:00,sch_01160,child_003,psicoped,saturday,10:00,10:45,2026-06-03,2026-07-03,active
evt_sch_01421,I,2026-05-08 04:02:00,2026-05-08 04:03:00,sch_01161,child_013,to,sunday,11:00,12:30,2026-06-01,2026-07-16,paused
evt_sch_01422,I,2026-05-08 04:04:00,2026-05-08 04:05:00,sch_01162,child_033,psico,wednesday,11:00,12:30,2026-05-01,2026-06-15,active
evt_sch_01423,I,2026-05-08 04:06:00,2026-05-08 04:07:00,sch_01163,child_043,psicoped,sunday,16:00,17:30,2026-05-08,2026-06-22,active
evt_sch_01424,I,2026-05-08 04:08:00,2026-05-08 04:09:00,sch_01164,child_003,fono,thursday,09:30,10:15,2026-05-23,2026-07-22,active
evt_sch_01425,I,2026-05-08 04:10:00,2026-05-08 04:11:00,sch_01165,child_074,psico,wednesday,09:30,10:00,2026-05-13,2026-07-12,active
evt_sch_01426,U,2026-05-08 04:12:00,2026-05-08 04:13:00,sch_01165,child_074,psico,wednesday,09:30,10:00,2026-05-13,2026-07-12,cancelled
evt_sch_01427,I,2026-05-08 04:14:00,2026-05-08 04:15:00,sch_01166,child_070,psico,friday,09:00,10:00,2026-06-28,2026-08-12,paused
evt_sch_01428,I,2026-05-08 04:16:00,2026-05-08 04:17:00,sch_01167,child_051,psicoped,thursday,10:00,11:00,2026-05-13,2026-05-27,active
evt_sch_01429,I,2026-05-08 04:18:00,2026-05-08 04:19:00,sch_01168,child_044,psicoped,monday,13:00,14:30,2026-06-06,2026-07-21,active
evt_sch_01430,I,2026-05-08 04:20:00,2026-05-08 04:21:00,sch_01169,child_002,psico,saturday,09:00,10:30,2026-06-13,2026-07-13,active
evt_sch_01431,I,2026-05-08 04:22:00,2026-05-08 04:23:00,sch_01170,child_038,psicoped,friday,09:00,10:00,2026-06-01,2026-07-16,active
evt_sch_01432,U,2026-05-08 04:24:00,2026-05-08 04:25:00,sch_01170,child_038,psicoped,friday,09:00,10:00,2026-06-01,2026-07-16,cancelled
evt_sch_01433,I,2026-05-08 04:26:00,2026-05-08 04:27:00,sch_01171,child_002,psico,monday,09:30,10:30,2026-06-22,2026-07-06,active
evt_sch_01434,I,2026-05-08 04:28:00,2026-05-08 04:29:00,sch_01172,child_040,aba,thursday,11:00,11:30,2026-05-04,2026-06-18,active
evt_sch_01435,I,2026-05-08 04:30:00,2026-05-08 04:31:00,sch_01173,child_037,psicoped,saturday,15:00,15:45,2026-05-06,2026-06-20,active
evt_sch_01436,I,2026-05-08 04:32:00,2026-05-08 04:33:00,sch_01174,child_026,psico,friday,08:30,09:30,2026-05-15,2026-05-29,active
evt_sch_01437,I,2026-05-08 04:34:00,2026-05-08 04:35:00,sch_01175,child_046,fono,sunday,13:00,14:30,2026-05-26,2026-06-09,paused
evt_sch_01438,U,2026-05-08 04:36:00,2026-05-08 04:37:00,sch_01175,child_046,fono,sunday,13:00,14:30,2026-05-26,2026-06-09,cancelled
evt_sch_01439,I,2026-05-08 04:38:00,2026-05-08 04:39:00,sch_01176,child_077,to,tuesday,16:00,17:30,2026-06-13,2026-07-28,cancelled
evt_sch_01440,I,2026-05-08 04:40:00,2026-05-08 04:41:00,sch_01177,child_018,fono,wednesday,09:00,10:30,2026-06-05,2026-07-05,active
evt_sch_01441,I,2026-05-08 04:42:00,2026-05-08 04:43:00,sch_01178,child_011,to,friday,14:00,16:00,2026-05-12,2026-07-11,cancelled
evt_sch_01442,I,2026-05-08 04:44:00,2026-05-08 04:45:00,sch_01179,child_056,aba,tuesday,15:00,16:30,2026-06-14,2026-07-29,active
evt_sch_01443,I,2026-05-08 04:46:00,2026-05-08 04:47:00,sch_01180,child_046,psico,wednesday,13:00,14:30,2026-05-27,2026-07-26,active
evt_sch_01444,U,2026-05-08 04:48:00,2026-05-08 04:49:00,sch_01180,child_046,psico,wednesday,13:00,14:30,2026-05-27,2026-07-26,paused
evt_sch_01445,I,2026-05-08 04:50:00,2026-05-08 04:51:00,sch_01181,child_004,psico,monday,09:00,11:00,2026-06-28,2026-08-12,cancelled
evt_sch_01446,I,2026-05-08 04:52:00,2026-05-08 04:53:00,sch_01182,child_075,psicoped,wednesday,09:00,11:00,2026-06-04,2026-07-19,active
evt_sch_01447,I,2026-05-08 04:54:00,2026-05-08 04:55:00,sch_01183,child_051,fono,thursday,08:00,09:30,2026-06-21,2026-08-20,cancelled
evt_sch_01448,I,2026-05-08 04:56:00,2026-05-08 04:57:00,sch_01184,child_011,aba,wednesday,08:30,09:30,2026-06-08,2026-06-22,cancelled
evt_sch_01449,I,2026-05-08 04:58:00,2026-05-08 04:59:00,sch_01185,child_073,psico,saturday,11:00,11:30,2026-05-08,2026-05-22,cancelled
evt_sch_01450,U,2026-05-08 05:00:00,2026-05-08 05:01:00,sch_01185,child_073,psico,saturday,11:00,11:30,2026-05-08,2026-05-22,paused
evt_sch_01451,I,2026-05-08 05:02:00,2026-05-08 05:03:00,sch_01186,child_019,psicoped,saturday,14:00,14:45,2026-05-15,2026-06-14,active
evt_sch_01452,I,2026-05-08 05:04:00,2026-05-08 05:05:00,sch_01187,child_040,aba,sunday,14:00,16:00,2026-06-14,2026-07-14,active
evt_sch_01453,I,2026-05-08 05:06:00,2026-05-08 05:07:00,sch_01188,child_001,fono,friday,08:30,10:30,2026-05-07,2026-06-06,active
evt_sch_01454,I,2026-05-08 05:08:00,2026-05-08 05:09:00,sch_01189,child_061,aba,sunday,15:00,16:30,2026-05-26,2026-06-09,paused
evt_sch_01455,D,2026-05-08 05:10:00,2026-05-08 05:11:00,sch_01189,child_061,aba,sunday,15:00,16:30,2026-05-26,2026-06-09,cancelled
evt_sch_01456,I,2026-05-08 05:12:00,2026-05-08 05:13:00,sch_01190,child_039,psico,thursday,09:00,09:45,2026-06-23,2026-08-07,cancelled
evt_sch_01457,U,2026-05-08 05:14:00,2026-05-08 05:15:00,sch_01190,child_039,psico,thursday,09:00,09:45,2026-06-23,2026-08-07,paused
evt_sch_01458,I,2026-05-08 05:16:00,2026-05-08 05:17:00,sch_01191,child_057,psicoped,monday,13:00,13:45,2026-06-10,2026-06-24,active
evt_sch_01459,I,2026-05-08 05:18:00,2026-05-08 05:19:00,sch_01192,child_031,fono,friday,15:00,15:45,2026-05-31,2026-07-30,active
evt_sch_01460,I,2026-05-08 05:20:00,2026-05-08 05:21:00,sch_01193,child_013,psicoped,thursday,11:00,12:00,2026-05-26,2026-07-25,active
evt_sch_01461,I,2026-05-08 05:22:00,2026-05-08 05:23:00,sch_01194,child_014,psico,thursday,13:00,13:45,2026-05-02,2026-06-16,active
evt_sch_01462,I,2026-05-08 05:24:00,2026-05-08 05:25:00,sch_01195,child_073,psico,monday,16:00,17:00,2026-05-03,2026-07-02,active
evt_sch_01463,U,2026-05-08 05:26:00,2026-05-08 05:27:00,sch_01195,child_073,psico,monday,16:00,17:00,2026-05-03,2026-07-02,cancelled
evt_sch_01464,I,2026-05-08 05:28:00,2026-05-08 05:29:00,sch_01196,child_018,psico,saturday,14:00,15:00,2026-05-01,2026-05-31,active
evt_sch_01465,I,2026-05-08 05:30:00,2026-05-08 05:31:00,sch_01197,child_065,fono,wednesday,15:00,16:30,2026-06-02,2026-06-16,active
evt_sch_01466,I,2026-05-08 05:32:00,2026-05-08 05:33:00,sch_01198,child_020,to,saturday,16:00,17:00,2026-05-30,2026-06-29,active
evt_sch_01467,I,2026-05-08 05:34:00,2026-05-08 05:35:00,sch_01199,child_039,psico,monday,14:00,15:30,2026-05-31,2026-06-30,active
evt_sch_01468,I,2026-05-08 05:36:00,2026-05-08 05:37:00,sch_01200,child_065,psicoped,wednesday,09:00,10:00,2026-06-07,2026-07-22,active
evt_sch_01469,U,2026-05-08 05:38:00,2026-05-08 05:39:00,sch_01200,child_065,psicoped,wednesday,09:00,10:00,2026-06-07,2026-07-22,cancelled
evt_sch_01470,I,2026-05-08 05:40:00,2026-05-08 05:41:00,sch_01201,child_009,aba,monday,09:00,09:45,2026-05-07,2026-05-21,active
evt_sch_01471,I,2026-05-08 05:42:00,2026-05-08 05:43:00,sch_01202,child_061,to,sunday,09:30,10:15,2026-05-07,2026-06-06,cancelled
evt_sch_01472,I,2026-05-08 05:44:00,2026-05-08 05:45:00,sch_01203,child_050,psico,monday,08:00,10:00,2026-05-17,2026-05-31,active
evt_sch_01473,I,2026-05-08 05:46:00,2026-05-08 05:47:00,sch_01204,child_010,psico,sunday,11:00,13:00,2026-06-10,2026-06-24,paused
evt_sch_01474,I,2026-05-08 05:48:00,2026-05-08 05:49:00,sch_01205,child_042,aba,saturday,14:00,15:30,2026-05-09,2026-06-08,active
evt_sch_01475,U,2026-05-08 05:50:00,2026-05-08 05:51:00,sch_01205,child_042,aba,saturday,14:00,15:30,2026-05-09,2026-06-08,cancelled
evt_sch_01476,I,2026-05-08 05:52:00,2026-05-08 05:53:00,sch_01206,child_057,to,tuesday,09:30,10:15,2026-05-28,2026-06-27,active
evt_sch_01477,I,2026-05-08 05:54:00,2026-05-08 05:55:00,sch_01207,child_004,aba,tuesday,08:00,08:45,2026-06-27,2026-07-11,active
evt_sch_01478,I,2026-05-08 05:56:00,2026-05-08 05:57:00,sch_01208,child_053,psicoped,friday,08:30,09:30,2026-05-12,2026-07-11,active
evt_sch_01479,I,2026-05-08 05:58:00,2026-05-08 05:59:00,sch_01209,child_027,psicoped,sunday,14:00,16:00,2026-05-23,2026-07-07,active
evt_sch_01480,I,2026-05-08 06:00:00,2026-05-08 06:01:00,sch_01210,child_072,fono,sunday,08:30,10:00,2026-05-28,2026-07-27,paused
evt_sch_01481,U,2026-05-08 06:02:00,2026-05-08 06:03:00,sch_01210,child_072,fono,sunday,08:30,10:00,2026-05-28,2026-07-27,paused
evt_sch_01482,I,2026-05-08 06:04:00,2026-05-08 06:05:00,sch_01211,child_011,fono,sunday,15:00,16:00,2026-05-07,2026-05-21,active
evt_sch_01483,I,2026-05-08 06:06:00,2026-05-08 06:07:00,sch_01212,child_007,psicoped,friday,11:00,11:30,2026-05-15,2026-06-29,paused
evt_sch_01484,I,2026-05-08 06:08:00,2026-05-08 06:09:00,sch_01213,child_033,psico,saturday,11:00,11:30,2026-06-25,2026-07-25,paused
evt_sch_01485,I,2026-05-08 06:10:00,2026-05-08 06:11:00,sch_01214,child_010,psicoped,friday,09:30,11:30,2026-06-29,2026-08-13,active
evt_sch_01486,I,2026-05-08 06:12:00,2026-05-08 06:13:00,sch_01215,child_008,psicoped,saturday,08:30,10:30,2026-05-31,2026-07-15,active
evt_sch_01487,U,2026-05-08 06:14:00,2026-05-08 06:15:00,sch_01215,child_008,psicoped,saturday,08:30,10:30,2026-05-31,2026-07-15,active
evt_sch_01488,I,2026-05-08 06:16:00,2026-05-08 06:17:00,sch_01216,child_044,psico,wednesday,09:30,10:30,2026-06-26,2026-07-10,active
evt_sch_01489,I,2026-05-08 06:18:00,2026-05-08 06:19:00,sch_01217,child_071,to,sunday,08:00,08:45,2026-06-01,2026-06-15,cancelled
evt_sch_01490,I,2026-05-08 06:20:00,2026-05-08 06:21:00,sch_01218,child_073,psicoped,saturday,08:00,09:00,2026-05-05,2026-07-04,active
evt_sch_01491,I,2026-05-08 06:22:00,2026-05-08 06:23:00,sch_01219,child_079,aba,friday,14:00,14:45,2026-05-18,2026-06-01,active
evt_sch_01492,I,2026-05-08 06:24:00,2026-05-08 06:25:00,sch_01220,child_064,psicoped,tuesday,11:00,12:30,2026-05-31,2026-07-15,cancelled
evt_sch_01493,U,2026-05-08 06:26:00,2026-05-08 06:27:00,sch_01220,child_064,psicoped,tuesday,11:00,12:30,2026-05-31,2026-07-15,active
evt_sch_01494,I,2026-05-08 06:28:00,2026-05-08 06:29:00,sch_01221,child_003,aba,monday,09:30,11:30,2026-06-08,2026-08-07,active
evt_sch_01495,I,2026-05-08 06:30:00,2026-05-08 06:31:00,sch_01222,child_003,psicoped,thursday,08:00,09:30,2026-06-19,2026-08-18,active
evt_sch_01496,I,2026-05-08 06:32:00,2026-05-08 06:33:00,sch_01223,child_056,psico,friday,09:00,09:30,2026-05-29,2026-06-12,paused
evt_sch_01497,I,2026-05-08 06:34:00,2026-05-08 06:35:00,sch_01224,child_048,to,tuesday,11:00,12:30,2026-06-28,2026-07-12,active
evt_sch_01498,I,2026-05-08 06:36:00,2026-05-08 06:37:00,sch_01225,child_012,psicoped,monday,09:30,11:00,2026-06-17,2026-07-01,paused
evt_sch_01499,U,2026-05-08 06:38:00,2026-05-08 06:39:00,sch_01225,child_012,psicoped,monday,09:30,11:00,2026-06-17,2026-07-01,active
evt_sch_01500,I,2026-05-08 06:40:00,2026-05-08 06:41:00,sch_01226,child_032,aba,monday,08:00,08:45,2026-05-29,2026-06-28,active
evt_sch_01501,I,2026-05-08 06:42:00,2026-05-08 06:43:00,sch_01227,child_041,to,friday,09:30,10:30,2026-05-09,2026-07-08,active
evt_sch_01502,I,2026-05-08 06:44:00,2026-05-08 06:45:00,sch_01228,child_016,aba,monday,10:00,12:00,2026-05-14,2026-07-13,cancelled
evt_sch_01503,I,2026-05-08 06:46:00,2026-05-08 06:47:00,sch_01229,child_046,fono,thursday,10:00,11:00,2026-06-19,2026-08-03,paused
evt_sch_01504,I,2026-05-08 06:48:00,2026-05-08 06:49:00,sch_01230,child_032,psicoped,wednesday,11:00,13:00,2026-06-02,2026-06-16,active
evt_sch_01505,U,2026-05-08 06:50:00,2026-05-08 06:51:00,sch_01230,child_032,psicoped,wednesday,11:00,13:00,2026-06-02,2026-06-16,cancelled
evt_sch_01506,D,2026-05-08 06:52:00,2026-05-08 06:53:00,sch_01230,child_032,psicoped,wednesday,11:00,13:00,2026-06-02,2026-06-16,cancelled
evt_sch_01507,I,2026-05-08 06:54:00,2026-05-08 06:55:00,sch_01231,child_080,psico,wednesday,08:30,09:15,2026-06-28,2026-07-28,cancelled
evt_sch_01508,I,2026-05-08 06:56:00,2026-05-08 06:57:00,sch_01232,child_067,fono,wednesday,15:00,15:45,2026-05-08,2026-06-22,cancelled
evt_sch_01509,I,2026-05-08 06:58:00,2026-05-08 06:59:00,sch_01233,child_019,aba,tuesday,14:00,15:30,2026-06-30,2026-07-14,active
evt_sch_01510,I,2026-05-08 07:00:00,2026-05-08 07:01:00,sch_01234,child_005,to,wednesday,16:00,17:30,2026-05-20,2026-06-03,active
evt_sch_01511,I,2026-05-08 07:02:00,2026-05-08 07:03:00,sch_01235,child_079,psico,thursday,08:00,09:30,2026-05-25,2026-07-24,active
evt_sch_01512,U,2026-05-08 07:04:00,2026-05-08 07:05:00,sch_01235,child_079,psico,thursday,08:00,09:30,2026-05-25,2026-07-24,active
evt_sch_01513,I,2026-05-08 07:06:00,2026-05-08 07:07:00,sch_01236,child_049,fono,saturday,13:00,15:00,2026-05-04,2026-06-18,active
evt_sch_01514,I,2026-05-08 07:08:00,2026-05-08 07:09:00,sch_01237,child_045,aba,friday,11:00,12:00,2026-06-21,2026-07-21,cancelled
evt_sch_01515,I,2026-05-08 07:10:00,2026-05-08 07:11:00,sch_01238,child_044,psicoped,thursday,13:00,13:30,2026-06-21,2026-07-05,active
evt_sch_01516,I,2026-05-08 07:12:00,2026-05-08 07:13:00,sch_01239,child_037,psicoped,thursday,13:00,15:00,2026-06-16,2026-07-31,active
evt_sch_01517,I,2026-05-08 07:14:00,2026-05-08 07:15:00,sch_01240,child_049,psico,saturday,09:30,10:15,2026-06-28,2026-07-12,active
evt_sch_01518,U,2026-05-08 07:16:00,2026-05-08 07:17:00,sch_01240,child_049,psico,saturday,09:30,10:15,2026-06-28,2026-07-12,paused
evt_sch_01519,I,2026-05-08 07:18:00,2026-05-08 07:19:00,sch_01241,child_036,aba,tuesday,15:00,16:00,2026-05-22,2026-07-21,active
evt_sch_01520,I,2026-05-08 07:20:00,2026-05-08 07:21:00,sch_01242,child_036,to,wednesday,10:00,12:00,2026-05-01,2026-05-15,active
evt_sch_01521,I,2026-05-08 07:22:00,2026-05-08 07:23:00,sch_01243,child_042,to,sunday,09:00,10:30,2026-05-30,2026-06-13,active
evt_sch_01522,I,2026-05-08 07:24:00,2026-05-08 07:25:00,sch_01244,child_060,aba,wednesday,14:00,16:00,2026-05-14,2026-07-13,active
evt_sch_01523,I,2026-05-08 07:26:00,2026-05-08 07:27:00,sch_01245,child_011,to,friday,15:00,16:00,2026-05-05,2026-07-04,active
evt_sch_01524,U,2026-05-08 07:28:00,2026-05-08 07:29:00,sch_01245,child_011,to,friday,15:00,16:00,2026-05-05,2026-07-04,cancelled
evt_sch_01525,I,2026-05-08 07:30:00,2026-05-08 07:31:00,sch_01246,child_034,psico,tuesday,09:30,10:15,2026-05-10,2026-05-24,active
evt_sch_01526,I,2026-05-08 07:32:00,2026-05-08 07:33:00,sch_01247,child_005,fono,saturday,15:00,16:30,2026-06-07,2026-07-22,active
evt_sch_01527,I,2026-05-08 07:34:00,2026-05-08 07:35:00,sch_01248,child_030,aba,saturday,10:00,11:00,2026-05-02,2026-06-16,active
evt_sch_01528,I,2026-05-08 07:36:00,2026-05-08 07:37:00,sch_01249,child_006,psicoped,tuesday,11:00,11:30,2026-05-05,2026-07-04,active
evt_sch_01529,I,2026-05-08 07:38:00,2026-05-08 07:39:00,sch_01250,child_010,fono,tuesday,11:00,13:00,2026-05-24,2026-07-23,active
evt_sch_01530,U,2026-05-08 07:40:00,2026-05-08 07:41:00,sch_01250,child_010,fono,tuesday,11:00,13:00,2026-05-24,2026-07-23,cancelled
evt_sch_01531,I,2026-05-08 07:42:00,2026-05-08 07:43:00,sch_01251,child_037,fono,monday,11:00,13:00,2026-06-20,2026-08-04,active
evt_sch_01532,I,2026-05-08 07:44:00,2026-05-08 07:45:00,sch_01252,child_053,to,thursday,10:00,12:00,2026-05-02,2026-06-01,active
evt_sch_01533,I,2026-05-08 07:46:00,2026-05-08 07:47:00,sch_01253,child_038,fono,friday,08:00,08:30,2026-06-08,2026-07-08,cancelled
evt_sch_01534,I,2026-05-08 07:48:00,2026-05-08 07:49:00,sch_01254,child_066,psicoped,sunday,16:00,17:00,2026-06-30,2026-07-30,active
evt_sch_01535,I,2026-05-08 07:50:00,2026-05-08 07:51:00,sch_01255,child_075,aba,saturday,09:00,10:30,2026-06-18,2026-07-02,paused
evt_sch_01536,U,2026-05-08 07:52:00,2026-05-08 07:53:00,sch_01255,child_075,aba,saturday,09:00,10:30,2026-06-18,2026-07-02,active
evt_sch_01537,I,2026-05-08 07:54:00,2026-05-08 07:55:00,sch_01256,child_073,psicoped,friday,15:00,16:30,2026-06-04,2026-06-18,cancelled
evt_sch_01538,I,2026-05-08 07:56:00,2026-05-08 07:57:00,sch_01257,child_068,aba,friday,14:00,16:00,2026-06-03,2026-08-02,active
evt_sch_01539,I,2026-05-08 07:58:00,2026-05-08 07:59:00,sch_01258,child_025,psicoped,wednesday,09:30,10:30,2026-05-16,2026-06-30,active
evt_sch_01540,I,2026-05-08 08:00:00,2026-05-08 08:01:00,sch_01259,child_041,aba,saturday,09:30,11:00,2026-06-16,2026-08-15,active
evt_sch_01541,I,2026-05-08 08:02:00,2026-05-08 08:03:00,sch_01260,child_046,psicoped,friday,08:30,09:30,2026-06-11,2026-08-10,active
evt_sch_01542,U,2026-05-08 08:04:00,2026-05-08 08:05:00,sch_01260,child_046,psicoped,friday,08:30,09:30,2026-06-11,2026-08-10,cancelled
evt_sch_01543,I,2026-05-08 08:06:00,2026-05-08 08:07:00,sch_01261,child_054,fono,friday,09:00,11:00,2026-05-16,2026-07-15,active
evt_sch_01544,I,2026-05-08 08:08:00,2026-05-08 08:09:00,sch_01262,child_018,psicoped,wednesday,10:00,11:00,2026-05-21,2026-06-04,active
evt_sch_01545,I,2026-05-08 08:10:00,2026-05-08 08:11:00,sch_01263,child_054,psicoped,tuesday,16:00,17:30,2026-06-10,2026-07-10,paused
evt_sch_01546,I,2026-05-08 08:12:00,2026-05-08 08:13:00,sch_01264,child_059,aba,tuesday,08:30,10:00,2026-05-17,2026-07-16,cancelled
evt_sch_01547,I,2026-05-08 08:14:00,2026-05-08 08:15:00,sch_01265,child_017,aba,sunday,13:00,13:30,2026-06-14,2026-07-14,paused
evt_sch_01548,U,2026-05-08 08:16:00,2026-05-08 08:17:00,sch_01265,child_017,aba,sunday,13:00,13:30,2026-06-14,2026-07-14,active
evt_sch_01549,I,2026-05-08 08:18:00,2026-05-08 08:19:00,sch_01266,child_066,psicoped,thursday,13:00,14:00,2026-05-09,2026-07-08,active
evt_sch_01550,I,2026-05-08 08:20:00,2026-05-08 08:21:00,sch_01267,child_031,to,monday,11:00,12:00,2026-06-07,2026-06-21,paused
evt_sch_01551,I,2026-05-08 08:22:00,2026-05-08 08:23:00,sch_01268,child_006,aba,saturday,11:00,12:30,2026-06-28,2026-08-27,active
evt_sch_01552,I,2026-05-08 08:24:00,2026-05-08 08:25:00,sch_01269,child_056,to,sunday,14:00,14:45,2026-06-16,2026-07-16,cancelled
evt_sch_01553,I,2026-05-08 08:26:00,2026-05-08 08:27:00,sch_01270,child_076,psicoped,monday,09:00,09:30,2026-06-07,2026-07-22,active
evt_sch_01554,U,2026-05-08 08:28:00,2026-05-08 08:29:00,sch_01270,child_076,psicoped,monday,09:00,09:30,2026-06-07,2026-07-22,cancelled
evt_sch_01555,I,2026-05-08 08:30:00,2026-05-08 08:31:00,sch_01271,child_049,to,thursday,09:00,11:00,2026-06-16,2026-07-31,paused
evt_sch_01556,D,2026-05-08 08:32:00,2026-05-08 08:33:00,sch_01271,child_049,to,thursday,09:00,11:00,2026-06-16,2026-07-31,cancelled
evt_sch_01557,I,2026-05-08 08:34:00,2026-05-08 08:35:00,sch_01272,child_013,fono,wednesday,14:00,15:00,2026-05-04,2026-07-03,active
evt_sch_01558,I,2026-05-08 08:36:00,2026-05-08 08:37:00,sch_01273,child_050,to,sunday,09:00,09:45,2026-05-03,2026-06-02,active
evt_sch_01559,I,2026-05-08 08:38:00,2026-05-08 08:39:00,sch_01274,child_036,psicoped,friday,11:00,11:30,2026-05-23,2026-07-07,active
evt_sch_01560,I,2026-05-08 08:40:00,2026-05-08 08:41:00,sch_01275,child_037,to,thursday,14:00,14:45,2026-06-26,2026-07-26,active
evt_sch_01561,U,2026-05-08 08:42:00,2026-05-08 08:43:00,sch_01275,child_037,to,thursday,14:00,14:45,2026-06-26,2026-07-26,cancelled
evt_sch_01562,I,2026-05-08 08:44:00,2026-05-08 08:45:00,sch_01276,child_078,aba,tuesday,10:00,10:45,2026-05-07,2026-06-06,active
evt_sch_01563,I,2026-05-08 08:46:00,2026-05-08 08:47:00,sch_01277,child_066,fono,monday,16:00,16:30,2026-06-27,2026-07-27,active
evt_sch_01564,I,2026-05-08 08:48:00,2026-05-08 08:49:00,sch_01278,child_004,to,tuesday,10:00,12:00,2026-05-28,2026-07-27,active
evt_sch_01565,I,2026-05-08 08:50:00,2026-05-08 08:51:00,sch_01279,child_059,to,monday,08:30,10:00,2026-06-26,2026-08-25,active
evt_sch_01566,I,2026-05-08 08:52:00,2026-05-08 08:53:00,sch_01280,child_012,fono,wednesday,08:30,09:30,2026-06-21,2026-07-05,cancelled
evt_sch_01567,U,2026-05-08 08:54:00,2026-05-08 08:55:00,sch_01280,child_012,fono,wednesday,08:30,09:30,2026-06-21,2026-07-05,active
evt_sch_01568,I,2026-05-08 08:56:00,2026-05-08 08:57:00,sch_01281,child_010,to,tuesday,15:00,16:00,2026-05-18,2026-07-17,active
evt_sch_01569,I,2026-05-08 08:58:00,2026-05-08 08:59:00,sch_01282,child_066,aba,saturday,11:00,11:30,2026-05-28,2026-06-11,paused
evt_sch_01570,I,2026-05-08 09:00:00,2026-05-08 09:01:00,sch_01283,child_067,to,tuesday,15:00,15:30,2026-06-30,2026-07-14,active
evt_sch_01571,I,2026-05-08 09:02:00,2026-05-08 09:03:00,sch_01284,child_076,psico,sunday,09:30,10:15,2026-05-17,2026-07-16,active
evt_sch_01572,I,2026-05-08 09:04:00,2026-05-08 09:05:00,sch_01285,child_024,psico,wednesday,09:00,09:45,2026-06-10,2026-06-24,paused
evt_sch_01573,U,2026-05-08 09:06:00,2026-05-08 09:07:00,sch_01285,child_024,psico,wednesday,09:00,09:45,2026-06-10,2026-06-24,paused
evt_sch_01574,I,2026-05-08 09:08:00,2026-05-08 09:09:00,sch_01286,child_028,aba,thursday,08:30,10:00,2026-06-05,2026-07-05,cancelled
evt_sch_01575,I,2026-05-08 09:10:00,2026-05-08 09:11:00,sch_01287,child_005,psico,saturday,10:00,12:00,2026-05-25,2026-06-24,active
evt_sch_01576,I,2026-05-08 09:12:00,2026-05-08 09:13:00,sch_01288,child_062,psicoped,saturday,09:00,10:00,2026-06-23,2026-07-23,paused
evt_sch_01577,I,2026-05-08 09:14:00,2026-05-08 09:15:00,sch_01289,child_063,psico,sunday,13:00,15:00,2026-05-23,2026-07-22,active
evt_sch_01578,I,2026-05-08 09:16:00,2026-05-08 09:17:00,sch_01290,child_029,aba,sunday,10:00,11:30,2026-05-29,2026-07-13,active
evt_sch_01579,U,2026-05-08 09:18:00,2026-05-08 09:19:00,sch_01290,child_029,aba,sunday,10:00,11:30,2026-05-29,2026-07-13,cancelled
evt_sch_01580,I,2026-05-08 09:20:00,2026-05-08 09:21:00,sch_01291,child_015,fono,thursday,11:00,11:30,2026-05-23,2026-07-22,cancelled
evt_sch_01581,I,2026-05-08 09:22:00,2026-05-08 09:23:00,sch_01292,child_062,psico,friday,13:00,13:45,2026-05-02,2026-06-16,active
evt_sch_01582,I,2026-05-08 09:24:00,2026-05-08 09:25:00,sch_01293,child_028,psico,monday,15:00,16:00,2026-05-17,2026-07-01,active
evt_sch_01583,I,2026-05-08 09:26:00,2026-05-08 09:27:00,sch_01294,child_057,psico,thursday,10:00,10:30,2026-05-18,2026-07-17,cancelled
evt_sch_01584,I,2026-05-08 09:28:00,2026-05-08 09:29:00,sch_01295,child_044,aba,wednesday,14:00,15:30,2026-05-15,2026-06-14,active
evt_sch_01585,U,2026-05-08 09:30:00,2026-05-08 09:31:00,sch_01295,child_044,aba,wednesday,14:00,15:30,2026-05-15,2026-06-14,paused
evt_sch_01586,I,2026-05-08 09:32:00,2026-05-08 09:33:00,sch_01296,child_015,psicoped,friday,11:00,11:45,2026-06-08,2026-06-22,paused
evt_sch_01587,I,2026-05-08 09:34:00,2026-05-08 09:35:00,sch_01297,child_003,psico,monday,11:00,12:00,2026-06-19,2026-07-03,active
evt_sch_01588,I,2026-05-08 09:36:00,2026-05-08 09:37:00,sch_01298,child_067,fono,wednesday,15:00,15:45,2026-05-11,2026-07-10,paused
evt_sch_01589,I,2026-05-08 09:38:00,2026-05-08 09:39:00,sch_01299,child_030,to,sunday,09:00,10:00,2026-05-22,2026-07-21,active
evt_sch_01590,I,2026-05-08 09:40:00,2026-05-08 09:41:00,sch_01300,child_032,aba,monday,08:00,10:00,2026-05-07,2026-07-06,cancelled
evt_sch_01591,U,2026-05-08 09:42:00,2026-05-08 09:43:00,sch_01300,child_032,aba,monday,08:00,10:00,2026-05-07,2026-07-06,active
evt_sch_01592,I,2026-05-08 09:44:00,2026-05-08 09:45:00,sch_01301,child_021,to,wednesday,08:00,08:45,2026-06-10,2026-07-10,active
evt_sch_01593,I,2026-05-08 09:46:00,2026-05-08 09:47:00,sch_01302,child_016,psico,saturday,13:00,13:45,2026-06-22,2026-08-06,paused
evt_sch_01594,I,2026-05-08 09:48:00,2026-05-08 09:49:00,sch_01303,child_010,aba,friday,13:00,13:30,2026-05-01,2026-05-31,active
evt_sch_01595,I,2026-05-08 09:50:00,2026-05-08 09:51:00,sch_01304,child_076,psico,tuesday,16:00,17:00,2026-06-20,2026-08-04,active
evt_sch_01596,I,2026-05-08 09:52:00,2026-05-08 09:53:00,sch_01305,child_003,to,wednesday,14:00,14:45,2026-05-07,2026-06-21,paused
evt_sch_01597,U,2026-05-08 09:54:00,2026-05-08 09:55:00,sch_01305,child_003,to,wednesday,14:00,14:45,2026-05-07,2026-06-21,paused
evt_sch_01598,I,2026-05-08 09:56:00,2026-05-08 09:57:00,sch_01306,child_061,psico,wednesday,13:00,13:30,2026-05-15,2026-07-14,active
evt_sch_01599,I,2026-05-08 09:58:00,2026-05-08 09:59:00,sch_01307,child_062,to,saturday,15:00,17:00,2026-05-16,2026-07-15,active
evt_sch_01600,I,2026-05-08 10:00:00,2026-05-08 10:01:00,sch_01308,child_064,psico,wednesday,15:00,15:30,2026-05-29,2026-06-28,active
evt_sch_01601,I,2026-05-08 10:02:00,2026-05-08 10:03:00,sch_01309,child_004,psico,sunday,09:30,11:00,2026-05-24,2026-07-23,active
evt_sch_01602,I,2026-05-08 10:04:00,2026-05-08 10:05:00,sch_01310,child_040,to,tuesday,08:30,09:00,2026-06-05,2026-07-05,active
evt_sch_01603,U,2026-05-08 10:06:00,2026-05-08 10:07:00,sch_01310,child_040,to,tuesday,08:30,09:00,2026-06-05,2026-07-05,cancelled
evt_sch_01604,I,2026-05-08 10:08:00,2026-05-08 10:09:00,sch_01311,child_076,fono,monday,09:00,10:30,2026-06-09,2026-08-08,active
evt_sch_01605,I,2026-05-08 10:10:00,2026-05-08 10:11:00,sch_01312,child_073,fono,monday,14:00,15:00,2026-05-27,2026-07-11,cancelled
evt_sch_01606,D,2026-05-08 10:12:00,2026-05-08 10:13:00,sch_01312,child_073,fono,monday,14:00,15:00,2026-05-27,2026-07-11,cancelled
evt_sch_01607,I,2026-05-08 10:14:00,2026-05-08 10:15:00,sch_01313,child_020,aba,wednesday,16:00,18:00,2026-05-27,2026-06-10,active
evt_sch_01608,I,2026-05-08 10:16:00,2026-05-08 10:17:00,sch_01314,child_027,psicoped,sunday,14:00,16:00,2026-06-01,2026-07-16,paused
evt_sch_01609,I,2026-05-08 10:18:00,2026-05-08 10:19:00,sch_01315,child_031,to,thursday,14:00,16:00,2026-06-05,2026-06-19,paused
evt_sch_01610,U,2026-05-08 10:20:00,2026-05-08 10:21:00,sch_01315,child_031,to,thursday,14:00,16:00,2026-06-05,2026-06-19,cancelled
evt_sch_01611,I,2026-05-08 10:22:00,2026-05-08 10:23:00,sch_01316,child_010,psico,tuesday,08:00,08:45,2026-06-03,2026-06-17,active
evt_sch_01612,I,2026-05-08 10:24:00,2026-05-08 10:25:00,sch_01317,child_057,aba,monday,13:00,14:30,2026-05-11,2026-07-10,active
evt_sch_01613,I,2026-05-08 10:26:00,2026-05-08 10:27:00,sch_01318,child_071,psico,thursday,08:00,09:00,2026-05-08,2026-07-07,paused
evt_sch_01614,I,2026-05-08 10:28:00,2026-05-08 10:29:00,sch_01319,child_035,psicoped,wednesday,16:00,17:00,2026-06-06,2026-07-06,active
evt_sch_01615,I,2026-05-08 10:30:00,2026-05-08 10:31:00,sch_01320,child_067,fono,sunday,16:00,17:00,2026-06-03,2026-07-18,active
evt_sch_01616,U,2026-05-08 10:32:00,2026-05-08 10:33:00,sch_01320,child_067,fono,sunday,16:00,17:00,2026-06-03,2026-07-18,active
evt_sch_01617,I,2026-05-08 10:34:00,2026-05-08 10:35:00,sch_01321,child_043,fono,tuesday,15:00,16:30,2026-05-01,2026-06-15,active
evt_sch_01618,I,2026-05-08 10:36:00,2026-05-08 10:37:00,sch_01322,child_020,psico,monday,08:00,09:00,2026-06-14,2026-07-14,active
evt_sch_01619,I,2026-05-08 10:38:00,2026-05-08 10:39:00,sch_01323,child_013,psicoped,thursday,11:00,11:30,2026-05-04,2026-07-03,active
evt_sch_01620,I,2026-05-08 10:40:00,2026-05-08 10:41:00,sch_01324,child_009,to,saturday,15:00,15:45,2026-05-23,2026-06-06,paused
evt_sch_01621,I,2026-05-08 10:42:00,2026-05-08 10:43:00,sch_01325,child_036,to,sunday,13:00,15:00,2026-06-16,2026-07-31,active
evt_sch_01622,U,2026-05-08 10:44:00,2026-05-08 10:45:00,sch_01325,child_036,to,sunday,13:00,15:00,2026-06-16,2026-07-31,cancelled
evt_sch_01623,I,2026-05-08 10:46:00,2026-05-08 10:47:00,sch_01326,child_033,psicoped,friday,09:30,10:00,2026-06-07,2026-07-07,active
evt_sch_01624,I,2026-05-08 10:48:00,2026-05-08 10:49:00,sch_01327,child_028,to,tuesday,10:00,12:00,2026-05-07,2026-06-06,cancelled
evt_sch_01625,I,2026-05-08 10:50:00,2026-05-08 10:51:00,sch_01328,child_076,psico,wednesday,16:00,18:00,2026-06-08,2026-07-23,paused
evt_sch_01626,I,2026-05-08 10:52:00,2026-05-08 10:53:00,sch_01329,child_079,psico,tuesday,09:00,09:30,2026-06-20,2026-07-20,paused
evt_sch_01627,I,2026-05-08 10:54:00,2026-05-08 10:55:00,sch_01330,child_012,psicoped,tuesday,09:00,09:45,2026-05-31,2026-06-14,active
evt_sch_01628,U,2026-05-08 10:56:00,2026-05-08 10:57:00,sch_01330,child_012,psicoped,tuesday,09:00,09:45,2026-05-31,2026-06-14,active
evt_sch_01629,I,2026-05-08 10:58:00,2026-05-08 10:59:00,sch_01331,child_018,psicoped,sunday,14:00,15:30,2026-06-12,2026-08-11,active
evt_sch_01630,I,2026-05-08 11:00:00,2026-05-08 11:01:00,sch_01332,child_065,aba,tuesday,15:00,16:30,2026-05-25,2026-07-24,cancelled
evt_sch_01631,I,2026-05-08 11:02:00,2026-05-08 11:03:00,sch_01333,child_046,to,sunday,15:00,16:00,2026-06-03,2026-06-17,paused
evt_sch_01632,I,2026-05-08 11:04:00,2026-05-08 11:05:00,sch_01334,child_028,fono,saturday,10:00,10:45,2026-06-23,2026-08-22,active
evt_sch_01633,I,2026-05-08 11:06:00,2026-05-08 11:07:00,sch_01335,child_063,to,saturday,08:30,10:30,2026-06-27,2026-08-26,active
evt_sch_01634,U,2026-05-08 11:08:00,2026-05-08 11:09:00,sch_01335,child_063,to,saturday,08:30,10:30,2026-06-27,2026-08-26,active
evt_sch_01635,I,2026-05-08 11:10:00,2026-05-08 11:11:00,sch_01336,child_004,to,sunday,14:00,15:00,2026-06-16,2026-08-15,active
evt_sch_01636,I,2026-05-08 11:12:00,2026-05-08 11:13:00,sch_01337,child_072,fono,thursday,11:00,11:45,2026-06-29,2026-07-13,active
evt_sch_01637,I,2026-05-08 11:14:00,2026-05-08 11:15:00,sch_01338,child_047,psicoped,tuesday,08:00,10:00,2026-05-20,2026-07-04,active
evt_sch_01638,I,2026-05-08 11:16:00,2026-05-08 11:17:00,sch_01339,child_048,to,friday,08:00,10:00,2026-05-18,2026-06-01,active
evt_sch_01639,I,2026-05-08 11:18:00,2026-05-08 11:19:00,sch_01340,child_062,psico,monday,10:00,11:00,2026-06-10,2026-06-24,paused
evt_sch_01640,U,2026-05-08 11:20:00,2026-05-08 11:21:00,sch_01340,child_062,psico,monday,10:00,11:00,2026-06-10,2026-06-24,active
evt_sch_01641,I,2026-05-08 11:22:00,2026-05-08 11:23:00,sch_01341,child_061,psicoped,saturday,14:00,15:30,2026-05-12,2026-07-11,cancelled
evt_sch_01642,I,2026-05-08 11:24:00,2026-05-08 11:25:00,sch_01342,child_070,aba,monday,11:00,11:30,2026-06-09,2026-07-09,cancelled
evt_sch_01643,I,2026-05-08 11:26:00,2026-05-08 11:27:00,sch_01343,child_023,fono,monday,13:00,13:30,2026-05-04,2026-07-03,active
evt_sch_01644,I,2026-05-08 11:28:00,2026-05-08 11:29:00,sch_01344,child_008,to,monday,15:00,16:00,2026-06-24,2026-07-24,active
evt_sch_01645,I,2026-05-08 11:30:00,2026-05-08 11:31:00,sch_01345,child_003,to,sunday,11:00,11:45,2026-06-27,2026-08-11,active
evt_sch_01646,U,2026-05-08 11:32:00,2026-05-08 11:33:00,sch_01345,child_003,to,sunday,11:00,11:45,2026-06-27,2026-08-11,paused
evt_sch_01647,I,2026-05-08 11:34:00,2026-05-08 11:35:00,sch_01346,child_052,psico,sunday,08:00,08:30,2026-05-13,2026-06-12,cancelled
evt_sch_01648,I,2026-05-08 11:36:00,2026-05-08 11:37:00,sch_01347,child_011,fono,thursday,08:00,09:00,2026-06-08,2026-07-08,active
evt_sch_01649,I,2026-05-08 11:38:00,2026-05-08 11:39:00,sch_01348,child_053,fono,saturday,08:00,09:00,2026-05-18,2026-07-02,active
evt_sch_01650,I,2026-05-08 11:40:00,2026-05-08 11:41:00,sch_01349,child_060,psicoped,sunday,08:30,10:30,2026-06-29,2026-08-28,active
evt_sch_01651,I,2026-05-08 11:42:00,2026-05-08 11:43:00,sch_01350,child_012,fono,saturday,08:30,09:15,2026-05-21,2026-06-04,cancelled
evt_sch_01652,U,2026-05-08 11:44:00,2026-05-08 11:45:00,sch_01350,child_012,fono,saturday,08:30,09:15,2026-05-21,2026-06-04,active
evt_sch_01653,I,2026-05-08 11:46:00,2026-05-08 11:47:00,sch_01351,child_028,to,thursday,08:30,09:15,2026-05-20,2026-06-19,cancelled
evt_sch_01654,I,2026-05-08 11:48:00,2026-05-08 11:49:00,sch_01352,child_017,to,monday,13:00,14:00,2026-05-12,2026-06-26,active
evt_sch_01655,I,2026-05-08 11:50:00,2026-05-08 11:51:00,sch_01353,child_041,psico,tuesday,09:30,10:30,2026-06-26,2026-07-26,active
evt_sch_01656,D,2026-05-08 11:52:00,2026-05-08 11:53:00,sch_01353,child_041,psico,tuesday,09:30,10:30,2026-06-26,2026-07-26,cancelled
evt_sch_01657,I,2026-05-08 11:54:00,2026-05-08 11:55:00,sch_01354,child_038,to,saturday,14:00,15:00,2026-05-06,2026-07-05,active
evt_sch_01658,I,2026-05-08 11:56:00,2026-05-08 11:57:00,sch_01355,child_047,to,sunday,15:00,16:30,2026-06-23,2026-07-23,active
evt_sch_01659,U,2026-05-08 11:58:00,2026-05-08 11:59:00,sch_01355,child_047,to,sunday,15:00,16:30,2026-06-23,2026-07-23,paused
evt_sch_01660,I,2026-05-08 12:00:00,2026-05-08 12:01:00,sch_01356,child_050,fono,friday,16:00,16:45,2026-06-14,2026-08-13,active
evt_sch_01661,I,2026-05-08 12:02:00,2026-05-08 12:03:00,sch_01357,child_037,fono,wednesday,15:00,17:00,2026-06-23,2026-08-07,active
evt_sch_01662,I,2026-05-08 12:04:00,2026-05-08 12:05:00,sch_01358,child_027,to,tuesday,14:00,15:00,2026-05-03,2026-05-17,active
evt_sch_01663,I,2026-05-08 12:06:00,2026-05-08 12:07:00,sch_01359,child_024,psico,tuesday,14:00,16:00,2026-05-21,2026-07-05,active
evt_sch_01664,I,2026-05-08 12:08:00,2026-05-08 12:09:00,sch_01360,child_076,aba,wednesday,08:30,09:30,2026-06-25,2026-07-09,active
evt_sch_01665,U,2026-05-08 12:10:00,2026-05-08 12:11:00,sch_01360,child_076,aba,wednesday,08:30,09:30,2026-06-25,2026-07-09,cancelled
evt_sch_01666,I,2026-05-08 12:12:00,2026-05-08 12:13:00,sch_01361,child_043,to,saturday,08:30,09:15,2026-06-28,2026-08-12,active
evt_sch_01667,I,2026-05-08 12:14:00,2026-05-08 12:15:00,sch_01362,child_060,psicoped,tuesday,08:00,09:30,2026-06-21,2026-08-20,active
evt_sch_01668,I,2026-05-08 12:16:00,2026-05-08 12:17:00,sch_01363,child_056,psico,thursday,09:30,10:30,2026-06-16,2026-07-31,active
evt_sch_01669,I,2026-05-08 12:18:00,2026-05-08 12:19:00,sch_01364,child_062,psico,wednesday,08:00,08:45,2026-06-18,2026-07-02,active
evt_sch_01670,I,2026-05-08 12:20:00,2026-05-08 12:21:00,sch_01365,child_035,psicoped,thursday,16:00,16:30,2026-05-11,2026-06-10,paused
evt_sch_01671,U,2026-05-08 12:22:00,2026-05-08 12:23:00,sch_01365,child_035,psicoped,thursday,16:00,16:30,2026-05-11,2026-06-10,paused
evt_sch_01672,I,2026-05-08 12:24:00,2026-05-08 12:25:00,sch_01366,child_068,fono,friday,09:00,09:45,2026-06-12,2026-07-27,cancelled
evt_sch_01673,I,2026-05-08 12:26:00,2026-05-08 12:27:00,sch_01367,child_007,aba,wednesday,09:00,10:00,2026-05-30,2026-07-29,active
evt_sch_01674,I,2026-05-08 12:28:00,2026-05-08 12:29:00,sch_01368,child_001,fono,tuesday,09:00,10:00,2026-05-20,2026-06-03,active
evt_sch_01675,I,2026-05-08 12:30:00,2026-05-08 12:31:00,sch_01369,child_027,psico,monday,09:30,10:15,2026-06-13,2026-07-28,active
evt_sch_01676,I,2026-05-08 12:32:00,2026-05-08 12:33:00,sch_01370,child_021,to,monday,14:00,16:00,2026-06-13,2026-08-12,active
evt_sch_01677,U,2026-05-08 12:34:00,2026-05-08 12:35:00,sch_01370,child_021,to,monday,14:00,16:00,2026-06-13,2026-08-12,cancelled
evt_sch_01678,I,2026-05-08 12:36:00,2026-05-08 12:37:00,sch_01371,child_049,psico,saturday,09:30,10:00,2026-05-25,2026-06-24,active
evt_sch_01679,I,2026-05-08 12:38:00,2026-05-08 12:39:00,sch_01372,child_018,psico,sunday,11:00,12:00,2026-06-22,2026-08-21,active
evt_sch_01680,I,2026-05-08 12:40:00,2026-05-08 12:41:00,sch_01373,child_069,aba,wednesday,14:00,16:00,2026-05-02,2026-06-01,paused
evt_sch_01681,I,2026-05-08 12:42:00,2026-05-08 12:43:00,sch_01374,child_023,fono,wednesday,11:00,12:00,2026-06-02,2026-06-16,active
evt_sch_01682,I,2026-05-08 12:44:00,2026-05-08 12:45:00,sch_01375,child_051,aba,saturday,09:30,10:15,2026-06-01,2026-07-01,active
evt_sch_01683,U,2026-05-08 12:46:00,2026-05-08 12:47:00,sch_01375,child_051,aba,saturday,09:30,10:15,2026-06-01,2026-07-01,cancelled
evt_sch_01684,I,2026-05-08 12:48:00,2026-05-08 12:49:00,sch_01376,child_056,aba,wednesday,13:00,13:45,2026-05-28,2026-06-27,active
evt_sch_01685,I,2026-05-08 12:50:00,2026-05-08 12:51:00,sch_01377,child_050,psico,monday,10:00,11:30,2026-05-12,2026-06-11,active
evt_sch_01686,I,2026-05-08 12:52:00,2026-05-08 12:53:00,sch_01378,child_067,aba,thursday,08:30,09:30,2026-06-13,2026-06-27,active
evt_sch_01687,I,2026-05-08 12:54:00,2026-05-08 12:55:00,sch_01379,child_052,aba,tuesday,11:00,11:45,2026-06-06,2026-08-05,active
evt_sch_01688,I,2026-05-08 12:56:00,2026-05-08 12:57:00,sch_01380,child_002,psico,saturday,13:00,14:30,2026-06-19,2026-07-03,active
evt_sch_01689,U,2026-05-08 12:58:00,2026-05-08 12:59:00,sch_01380,child_002,psico,saturday,13:00,14:30,2026-06-19,2026-07-03,cancelled
evt_sch_01690,I,2026-05-08 13:00:00,2026-05-08 13:01:00,sch_01381,child_015,psicoped,sunday,14:00,16:00,2026-05-24,2026-07-23,cancelled
evt_sch_01691,I,2026-05-08 13:02:00,2026-05-08 13:03:00,sch_01382,child_069,to,monday,09:00,10:30,2026-06-04,2026-08-03,paused
evt_sch_01692,I,2026-05-08 13:04:00,2026-05-08 13:05:00,sch_01383,child_011,fono,monday,11:00,13:00,2026-05-17,2026-06-16,active
evt_sch_01693,I,2026-05-08 13:06:00,2026-05-08 13:07:00,sch_01384,child_079,psico,thursday,08:00,09:30,2026-05-19,2026-06-02,active
evt_sch_01694,I,2026-05-08 13:08:00,2026-05-08 13:09:00,sch_01385,child_063,psico,wednesday,08:00,10:00,2026-06-13,2026-07-28,active
evt_sch_01695,U,2026-05-08 13:10:00,2026-05-08 13:11:00,sch_01385,child_063,psico,wednesday,08:00,10:00,2026-06-13,2026-07-28,cancelled
evt_sch_01696,I,2026-05-08 13:12:00,2026-05-08 13:13:00,sch_01386,child_038,aba,friday,10:00,10:45,2026-05-19,2026-07-03,active
evt_sch_01697,I,2026-05-08 13:14:00,2026-05-08 13:15:00,sch_01387,child_058,to,wednesday,08:00,10:00,2026-05-08,2026-06-22,cancelled
evt_sch_01698,I,2026-05-08 13:16:00,2026-05-08 13:17:00,sch_01388,child_069,psico,tuesday,09:00,09:30,2026-06-04,2026-06-18,active
evt_sch_01699,I,2026-05-08 13:18:00,2026-05-08 13:19:00,sch_01389,child_019,psico,thursday,10:00,11:00,2026-05-30,2026-06-29,paused
evt_sch_01700,I,2026-05-08 13:20:00,2026-05-08 13:21:00,sch_01390,child_068,psicoped,thursday,08:00,08:30,2026-05-21,2026-07-05,active
evt_sch_01701,U,2026-05-08 13:22:00,2026-05-08 13:23:00,sch_01390,child_068,psicoped,thursday,08:00,08:30,2026-05-21,2026-07-05,paused
evt_sch_01702,I,2026-05-08 13:24:00,2026-05-08 13:25:00,sch_01391,child_013,psico,friday,08:30,09:30,2026-06-29,2026-08-13,active
evt_sch_01703,I,2026-05-08 13:26:00,2026-05-08 13:27:00,sch_01392,child_003,fono,saturday,10:00,10:30,2026-06-23,2026-08-22,paused
evt_sch_01704,I,2026-05-08 13:28:00,2026-05-08 13:29:00,sch_01393,child_025,psicoped,wednesday,10:00,12:00,2026-06-02,2026-07-02,active
evt_sch_01705,I,2026-05-08 13:30:00,2026-05-08 13:31:00,sch_01394,child_007,to,friday,14:00,14:45,2026-06-18,2026-08-17,active
evt_sch_01706,D,2026-05-08 13:32:00,2026-05-08 13:33:00,sch_01394,child_007,to,friday,14:00,14:45,2026-06-18,2026-08-17,cancelled
evt_sch_01707,I,2026-05-08 13:34:00,2026-05-08 13:35:00,sch_01395,child_024,to,friday,08:00,10:00,2026-05-26,2026-06-25,active
evt_sch_01708,U,2026-05-08 13:36:00,2026-05-08 13:37:00,sch_01395,child_024,to,friday,08:00,10:00,2026-05-26,2026-06-25,cancelled
evt_sch_01709,I,2026-05-08 13:38:00,2026-05-08 13:39:00,sch_01396,child_001,psico,tuesday,08:00,09:30,2026-06-12,2026-07-12,active
evt_sch_01710,I,2026-05-08 13:40:00,2026-05-08 13:41:00,sch_01397,child_060,psicoped,sunday,11:00,11:30,2026-05-15,2026-06-14,active
evt_sch_01711,I,2026-05-08 13:42:00,2026-05-08 13:43:00,sch_01398,child_042,fono,monday,16:00,17:00,2026-06-16,2026-08-15,active
evt_sch_01712,I,2026-05-08 13:44:00,2026-05-08 13:45:00,sch_01399,child_077,to,friday,13:00,14:30,2026-06-29,2026-07-13,active
evt_sch_01713,I,2026-05-08 13:46:00,2026-05-08 13:47:00,sch_01400,child_041,to,sunday,14:00,14:45,2026-05-30,2026-07-29,active
evt_sch_01714,U,2026-05-08 13:48:00,2026-05-08 13:49:00,sch_01400,child_041,to,sunday,14:00,14:45,2026-05-30,2026-07-29,paused
evt_sch_01715,I,2026-05-08 13:50:00,2026-05-08 13:51:00,sch_01401,child_022,psico,wednesday,13:00,13:30,2026-06-12,2026-06-26,active
evt_sch_01716,I,2026-05-08 13:52:00,2026-05-08 13:53:00,sch_01402,child_072,to,monday,09:30,11:30,2026-05-24,2026-07-08,active
evt_sch_01717,I,2026-05-08 13:54:00,2026-05-08 13:55:00,sch_01403,child_041,psico,saturday,14:00,14:30,2026-05-10,2026-06-09,active
evt_sch_01718,I,2026-05-08 13:56:00,2026-05-08 13:57:00,sch_01404,child_073,psico,thursday,08:00,09:00,2026-06-05,2026-08-04,paused
evt_sch_01719,I,2026-05-08 13:58:00,2026-05-08 13:59:00,sch_01405,child_049,psicoped,tuesday,13:00,15:00,2026-06-30,2026-07-14,active
evt_sch_01720,U,2026-05-08 14:00:00,2026-05-08 14:01:00,sch_01405,child_049,psicoped,tuesday,13:00,15:00,2026-06-30,2026-07-14,active
evt_sch_01721,I,2026-05-08 14:02:00,2026-05-08 14:03:00,sch_01406,child_028,aba,friday,10:00,10:45,2026-06-25,2026-07-25,cancelled
evt_sch_01722,I,2026-05-08 14:04:00,2026-05-08 14:05:00,sch_01407,child_052,psicoped,thursday,11:00,11:45,2026-05-27,2026-07-11,active
evt_sch_01723,I,2026-05-08 14:06:00,2026-05-08 14:07:00,sch_01408,child_047,aba,saturday,11:00,13:00,2026-06-04,2026-08-03,active
evt_sch_01724,I,2026-05-08 14:08:00,2026-05-08 14:09:00,sch_01409,child_052,psico,sunday,14:00,15:00,2026-06-22,2026-08-21,active
evt_sch_01725,I,2026-05-08 14:10:00,2026-05-08 14:11:00,sch_01410,child_023,psico,wednesday,08:00,10:00,2026-06-23,2026-08-07,cancelled
evt_sch_01726,U,2026-05-08 14:12:00,2026-05-08 14:13:00,sch_01410,child_023,psico,wednesday,08:00,10:00,2026-06-23,2026-08-07,paused
evt_sch_01727,I,2026-05-08 14:14:00,2026-05-08 14:15:00,sch_01411,child_023,aba,thursday,16:00,17:30,2026-05-27,2026-07-26,active
evt_sch_01728,I,2026-05-08 14:16:00,2026-05-08 14:17:00,sch_01412,child_004,psicoped,tuesday,09:00,11:00,2026-06-09,2026-06-23,active
evt_sch_01729,I,2026-05-08 14:18:00,2026-05-08 14:19:00,sch_01413,child_053,aba,wednesday,16:00,16:45,2026-05-11,2026-07-10,active
evt_sch_01730,I,2026-05-08 14:20:00,2026-05-08 14:21:00,sch_01414,child_048,aba,saturday,16:00,17:30,2026-06-05,2026-07-05,paused
evt_sch_01731,I,2026-05-08 14:22:00,2026-05-08 14:23:00,sch_01415,child_021,psico,wednesday,09:30,10:15,2026-05-31,2026-06-30,active
evt_sch_01732,U,2026-05-08 14:24:00,2026-05-08 14:25:00,sch_01415,child_021,psico,wednesday,09:30,10:15,2026-05-31,2026-06-30,cancelled
evt_sch_01733,I,2026-05-08 14:26:00,2026-05-08 14:27:00,sch_01416,child_009,aba,tuesday,16:00,17:30,2026-05-30,2026-06-29,active
evt_sch_01734,I,2026-05-08 14:28:00,2026-05-08 14:29:00,sch_01417,child_057,fono,sunday,09:00,10:30,2026-06-02,2026-06-16,cancelled
evt_sch_01735,I,2026-05-08 14:30:00,2026-05-08 14:31:00,sch_01418,child_043,fono,tuesday,14:00,14:30,2026-05-01,2026-05-15,active
evt_sch_01736,I,2026-05-08 14:32:00,2026-05-08 14:33:00,sch_01419,child_053,psicoped,thursday,13:00,13:30,2026-06-20,2026-08-19,paused
evt_sch_01737,I,2026-05-08 14:34:00,2026-05-08 14:35:00,sch_01420,child_069,aba,saturday,16:00,18:00,2026-06-15,2026-06-29,active
evt_sch_01738,U,2026-05-08 14:36:00,2026-05-08 14:37:00,sch_01420,child_069,aba,saturday,16:00,18:00,2026-06-15,2026-06-29,paused
evt_sch_01739,I,2026-05-08 14:38:00,2026-05-08 14:39:00,sch_01421,child_008,to,sunday,13:00,13:30,2026-05-24,2026-07-23,cancelled
evt_sch_01740,I,2026-05-08 14:40:00,2026-05-08 14:41:00,sch_01422,child_066,psico,thursday,08:30,09:00,2026-05-10,2026-06-24,cancelled
evt_sch_01741,I,2026-05-08 14:42:00,2026-05-08 14:43:00,sch_01423,child_075,aba,saturday,09:00,10:00,2026-05-27,2026-07-11,active
evt_sch_01742,I,2026-05-08 14:44:00,2026-05-08 14:45:00,sch_01424,child_032,psico,tuesday,10:00,10:30,2026-05-22,2026-06-05,active
evt_sch_01743,I,2026-05-08 14:46:00,2026-05-08 14:47:00,sch_01425,child_063,fono,sunday,10:00,11:00,2026-05-19,2026-07-18,active
evt_sch_01744,U,2026-05-08 14:48:00,2026-05-08 14:49:00,sch_01425,child_063,fono,sunday,10:00,11:00,2026-05-19,2026-07-18,cancelled
evt_sch_01745,I,2026-05-08 14:50:00,2026-05-08 14:51:00,sch_01426,child_034,psicoped,wednesday,16:00,16:30,2026-06-18,2026-07-18,active
evt_sch_01746,I,2026-05-08 14:52:00,2026-05-08 14:53:00,sch_01427,child_037,aba,tuesday,11:00,13:00,2026-05-24,2026-07-08,active
evt_sch_01747,I,2026-05-08 14:54:00,2026-05-08 14:55:00,sch_01428,child_021,psicoped,saturday,10:00,11:30,2026-06-15,2026-08-14,active
evt_sch_01748,I,2026-05-08 14:56:00,2026-05-08 14:57:00,sch_01429,child_020,fono,tuesday,16:00,17:00,2026-06-24,2026-08-23,active
evt_sch_01749,I,2026-05-08 14:58:00,2026-05-08 14:59:00,sch_01430,child_030,aba,sunday,09:30,11:30,2026-05-20,2026-06-19,active
evt_sch_01750,U,2026-05-08 15:00:00,2026-05-08 15:01:00,sch_01430,child_030,aba,sunday,09:30,11:30,2026-05-20,2026-06-19,cancelled
evt_sch_01751,I,2026-05-08 15:02:00,2026-05-08 15:03:00,sch_01431,child_047,psicoped,saturday,15:00,16:30,2026-05-31,2026-06-30,paused
evt_sch_01752,I,2026-05-08 15:04:00,2026-05-08 15:05:00,sch_01432,child_020,psicoped,sunday,15:00,16:00,2026-06-03,2026-07-18,active
evt_sch_01753,I,2026-05-08 15:06:00,2026-05-08 15:07:00,sch_01433,child_063,fono,sunday,15:00,16:30,2026-05-12,2026-07-11,paused
evt_sch_01754,I,2026-05-08 15:08:00,2026-05-08 15:09:00,sch_01434,child_002,aba,wednesday,09:30,10:30,2026-05-14,2026-06-13,active
evt_sch_01755,I,2026-05-08 15:10:00,2026-05-08 15:11:00,sch_01435,child_078,aba,saturday,09:30,10:30,2026-06-01,2026-07-31,active
evt_sch_01756,U,2026-05-08 15:12:00,2026-05-08 15:13:00,sch_01435,child_078,aba,saturday,09:30,10:30,2026-06-01,2026-07-31,paused
evt_sch_01757,D,2026-05-08 15:14:00,2026-05-08 15:15:00,sch_01435,child_078,aba,saturday,09:30,10:30,2026-06-01,2026-07-31,cancelled
evt_sch_01758,I,2026-05-08 15:16:00,2026-05-08 15:17:00,sch_01436,child_002,psicoped,tuesday,09:30,10:30,2026-06-12,2026-06-26,active
evt_sch_01759,I,2026-05-08 15:18:00,2026-05-08 15:19:00,sch_01437,child_013,to,friday,08:30,09:30,2026-06-05,2026-06-19,paused
evt_sch_01760,I,2026-05-08 15:20:00,2026-05-08 15:21:00,sch_01438,child_008,psico,friday,15:00,15:45,2026-05-16,2026-06-30,cancelled
evt_sch_01761,I,2026-05-08 15:22:00,2026-05-08 15:23:00,sch_01439,child_024,fono,tuesday,14:00,14:45,2026-05-03,2026-06-17,active
evt_sch_01762,I,2026-05-08 15:24:00,2026-05-08 15:25:00,sch_01440,child_012,fono,saturday,08:30,09:15,2026-06-03,2026-07-18,active
evt_sch_01763,U,2026-05-08 15:26:00,2026-05-08 15:27:00,sch_01440,child_012,fono,saturday,08:30,09:15,2026-06-03,2026-07-18,active
evt_sch_01764,I,2026-05-08 15:28:00,2026-05-08 15:29:00,sch_01441,child_032,psicoped,sunday,16:00,17:30,2026-05-30,2026-06-13,active
evt_sch_01765,I,2026-05-08 15:30:00,2026-05-08 15:31:00,sch_01442,child_007,to,sunday,08:30,09:15,2026-05-31,2026-06-14,active
evt_sch_01766,I,2026-05-08 15:32:00,2026-05-08 15:33:00,sch_01443,child_061,fono,monday,15:00,17:00,2026-05-14,2026-07-13,active
evt_sch_01767,I,2026-05-08 15:34:00,2026-05-08 15:35:00,sch_01444,child_002,psicoped,thursday,08:30,10:00,2026-06-19,2026-07-19,active
evt_sch_01768,I,2026-05-08 15:36:00,2026-05-08 15:37:00,sch_01445,child_079,psico,monday,10:00,11:30,2026-06-08,2026-07-23,active
evt_sch_01769,U,2026-05-08 15:38:00,2026-05-08 15:39:00,sch_01445,child_079,psico,monday,10:00,11:30,2026-06-08,2026-07-23,active
evt_sch_01770,I,2026-05-08 15:40:00,2026-05-08 15:41:00,sch_01446,child_043,psicoped,thursday,15:00,16:00,2026-06-30,2026-08-14,active
evt_sch_01771,I,2026-05-08 15:42:00,2026-05-08 15:43:00,sch_01447,child_069,fono,wednesday,10:00,12:00,2026-06-02,2026-07-17,active
evt_sch_01772,I,2026-05-08 15:44:00,2026-05-08 15:45:00,sch_01448,child_015,fono,thursday,08:00,09:00,2026-06-27,2026-08-26,active
evt_sch_01773,I,2026-05-08 15:46:00,2026-05-08 15:47:00,sch_01449,child_023,aba,sunday,13:00,14:00,2026-05-07,2026-07-06,active
evt_sch_01774,I,2026-05-08 15:48:00,2026-05-08 15:49:00,sch_01450,child_069,fono,tuesday,08:30,09:15,2026-05-14,2026-06-28,active
evt_sch_01775,U,2026-05-08 15:50:00,2026-05-08 15:51:00,sch_01450,child_069,fono,tuesday,08:30,09:15,2026-05-14,2026-06-28,cancelled
evt_sch_01776,I,2026-05-08 15:52:00,2026-05-08 15:53:00,sch_01451,child_068,psico,monday,10:00,12:00,2026-05-14,2026-06-13,active
evt_sch_01777,I,2026-05-08 15:54:00,2026-05-08 15:55:00,sch_01452,child_025,psico,sunday,09:00,09:45,2026-06-09,2026-07-09,active
evt_sch_01778,I,2026-05-08 15:56:00,2026-05-08 15:57:00,sch_01453,child_067,psico,saturday,16:00,17:30,2026-06-19,2026-08-03,active
evt_sch_01779,I,2026-05-08 15:58:00,2026-05-08 15:59:00,sch_01454,child_034,psico,sunday,10:00,11:00,2026-05-10,2026-06-24,active
evt_sch_01780,I,2026-05-08 16:00:00,2026-05-08 16:01:00,sch_01455,child_046,to,thursday,10:00,11:30,2026-06-06,2026-08-05,cancelled
evt_sch_01781,U,2026-05-08 16:02:00,2026-05-08 16:03:00,sch_01455,child_046,to,thursday,10:00,11:30,2026-06-06,2026-08-05,active
evt_sch_01782,I,2026-05-08 16:04:00,2026-05-08 16:05:00,sch_01456,child_052,aba,thursday,11:00,11:45,2026-05-30,2026-07-14,active
evt_sch_01783,I,2026-05-08 16:06:00,2026-05-08 16:07:00,sch_01457,child_026,fono,saturday,10:00,11:00,2026-06-23,2026-08-07,active
evt_sch_01784,I,2026-05-08 16:08:00,2026-05-08 16:09:00,sch_01458,child_055,psico,wednesday,15:00,17:00,2026-06-17,2026-07-17,cancelled
evt_sch_01785,I,2026-05-08 16:10:00,2026-05-08 16:11:00,sch_01459,child_080,psicoped,thursday,10:00,10:30,2026-05-05,2026-06-04,active
evt_sch_01786,I,2026-05-08 16:12:00,2026-05-08 16:13:00,sch_01460,child_062,psicoped,thursday,08:00,09:30,2026-06-14,2026-08-13,active
evt_sch_01787,U,2026-05-08 16:14:00,2026-05-08 16:15:00,sch_01460,child_062,psicoped,thursday,08:00,09:30,2026-06-14,2026-08-13,paused
evt_sch_01788,I,2026-05-08 16:16:00,2026-05-08 16:17:00,sch_01461,child_076,psico,monday,08:30,09:00,2026-06-10,2026-07-25,active
evt_sch_01789,I,2026-05-08 16:18:00,2026-05-08 16:19:00,sch_01462,child_048,psico,wednesday,08:30,10:00,2026-05-09,2026-05-23,active
evt_sch_01790,I,2026-05-08 16:20:00,2026-05-08 16:21:00,sch_01463,child_053,fono,sunday,09:00,11:00,2026-05-20,2026-06-19,active
evt_sch_01791,I,2026-05-08 16:22:00,2026-05-08 16:23:00,sch_01464,child_057,fono,wednesday,16:00,18:00,2026-06-18,2026-08-02,active
evt_sch_01792,I,2026-05-08 16:24:00,2026-05-08 16:25:00,sch_01465,child_038,aba,tuesday,08:30,09:30,2026-06-24,2026-08-08,paused
evt_sch_01793,U,2026-05-08 16:26:00,2026-05-08 16:27:00,sch_01465,child_038,aba,tuesday,08:30,09:30,2026-06-24,2026-08-08,cancelled
evt_sch_01794,I,2026-05-08 16:28:00,2026-05-08 16:29:00,sch_01466,child_028,fono,wednesday,14:00,14:45,2026-05-30,2026-07-14,active
evt_sch_01795,I,2026-05-08 16:30:00,2026-05-08 16:31:00,sch_01467,child_034,to,friday,08:00,08:45,2026-05-08,2026-07-07,active
evt_sch_01796,I,2026-05-08 16:32:00,2026-05-08 16:33:00,sch_01468,child_063,aba,sunday,15:00,15:30,2026-06-28,2026-08-12,active
evt_sch_01797,I,2026-05-08 16:34:00,2026-05-08 16:35:00,sch_01469,child_056,aba,friday,11:00,13:00,2026-06-01,2026-07-16,active
evt_sch_01798,I,2026-05-08 16:36:00,2026-05-08 16:37:00,sch_01470,child_009,aba,friday,08:30,10:30,2026-06-19,2026-07-03,active
evt_sch_01799,U,2026-05-08 16:38:00,2026-05-08 16:39:00,sch_01470,child_009,aba,friday,08:30,10:30,2026-06-19,2026-07-03,paused
evt_sch_01800,I,2026-05-08 16:40:00,2026-05-08 16:41:00,sch_01471,child_012,psicoped,thursday,16:00,16:45,2026-06-18,2026-07-02,cancelled
evt_sch_01801,I,2026-05-08 16:42:00,2026-05-08 16:43:00,sch_01472,child_056,to,thursday,14:00,14:45,2026-06-11,2026-07-26,active
evt_sch_01802,I,2026-05-08 16:44:00,2026-05-08 16:45:00,sch_01473,child_074,to,thursday,15:00,16:30,2026-06-26,2026-07-10,active
evt_sch_01803,I,2026-05-08 16:46:00,2026-05-08 16:47:00,sch_01474,child_038,aba,friday,13:00,13:30,2026-05-01,2026-05-31,active
evt_sch_01804,I,2026-05-08 16:48:00,2026-05-08 16:49:00,sch_01475,child_020,to,sunday,09:30,11:30,2026-06-13,2026-07-28,active
evt_sch_01805,U,2026-05-08 16:50:00,2026-05-08 16:51:00,sch_01475,child_020,to,sunday,09:30,11:30,2026-06-13,2026-07-28,paused
evt_sch_01806,I,2026-05-08 16:52:00,2026-05-08 16:53:00,sch_01476,child_026,psicoped,wednesday,16:00,16:45,2026-05-13,2026-06-12,active
evt_sch_01807,D,2026-05-08 16:54:00,2026-05-08 16:55:00,sch_01476,child_026,psicoped,wednesday,16:00,16:45,2026-05-13,2026-06-12,cancelled
evt_sch_01808,I,2026-05-08 16:56:00,2026-05-08 16:57:00,sch_01477,child_024,aba,monday,15:00,17:00,2026-06-30,2026-07-14,cancelled
evt_sch_01809,I,2026-05-08 16:58:00,2026-05-08 16:59:00,sch_01478,child_070,to,monday,11:00,12:00,2026-06-29,2026-07-29,active
evt_sch_01810,I,2026-05-08 17:00:00,2026-05-08 17:01:00,sch_01479,child_026,to,tuesday,13:00,14:00,2026-05-15,2026-06-14,cancelled
evt_sch_01811,I,2026-05-08 17:02:00,2026-05-08 17:03:00,sch_01480,child_004,fono,thursday,08:30,10:00,2026-05-02,2026-07-01,paused
evt_sch_01812,U,2026-05-08 17:04:00,2026-05-08 17:05:00,sch_01480,child_004,fono,thursday,08:30,10:00,2026-05-02,2026-07-01,paused
evt_sch_01813,I,2026-05-08 17:06:00,2026-05-08 17:07:00,sch_01481,child_027,psico,monday,14:00,15:30,2026-05-26,2026-06-25,active
evt_sch_01814,I,2026-05-08 17:08:00,2026-05-08 17:09:00,sch_01482,child_049,psicoped,sunday,08:30,09:00,2026-05-12,2026-05-26,active
evt_sch_01815,I,2026-05-08 17:10:00,2026-05-08 17:11:00,sch_01483,child_027,aba,thursday,16:00,17:00,2026-06-17,2026-08-01,active
evt_sch_01816,I,2026-05-08 17:12:00,2026-05-08 17:13:00,sch_01484,child_027,aba,sunday,15:00,16:00,2026-05-31,2026-07-15,active
evt_sch_01817,I,2026-05-08 17:14:00,2026-05-08 17:15:00,sch_01485,child_059,aba,monday,13:00,14:30,2026-05-26,2026-06-09,active
evt_sch_01818,U,2026-05-08 17:16:00,2026-05-08 17:17:00,sch_01485,child_059,aba,monday,13:00,14:30,2026-05-26,2026-06-09,cancelled
evt_sch_01819,I,2026-05-08 17:18:00,2026-05-08 17:19:00,sch_01486,child_009,psico,sunday,10:00,10:45,2026-06-14,2026-06-28,active
evt_sch_01820,I,2026-05-08 17:20:00,2026-05-08 17:21:00,sch_01487,child_050,psico,monday,10:00,11:00,2026-05-03,2026-06-02,cancelled
evt_sch_01821,I,2026-05-08 17:22:00,2026-05-08 17:23:00,sch_01488,child_023,psicoped,monday,09:00,11:00,2026-05-10,2026-06-09,active
evt_sch_01822,I,2026-05-08 17:24:00,2026-05-08 17:25:00,sch_01489,child_005,aba,friday,09:30,10:30,2026-05-24,2026-07-23,cancelled
evt_sch_01823,I,2026-05-08 17:26:00,2026-05-08 17:27:00,sch_01490,child_054,fono,tuesday,15:00,15:45,2026-06-17,2026-07-17,active
evt_sch_01824,U,2026-05-08 17:28:00,2026-05-08 17:29:00,sch_01490,child_054,fono,tuesday,15:00,15:45,2026-06-17,2026-07-17,active
evt_sch_01825,I,2026-05-08 17:30:00,2026-05-08 17:31:00,sch_01491,child_021,aba,thursday,09:30,10:30,2026-05-26,2026-07-10,paused
evt_sch_01826,I,2026-05-08 17:32:00,2026-05-08 17:33:00,sch_01492,child_034,psicoped,wednesday,08:00,08:30,2026-05-22,2026-06-05,paused
evt_sch_01827,I,2026-05-08 17:34:00,2026-05-08 17:35:00,sch_01493,child_005,fono,thursday,08:00,10:00,2026-05-25,2026-06-24,active
evt_sch_01828,I,2026-05-08 17:36:00,2026-05-08 17:37:00,sch_01494,child_002,to,tuesday,08:30,10:00,2026-05-05,2026-05-19,paused
evt_sch_01829,I,2026-05-08 17:38:00,2026-05-08 17:39:00,sch_01495,child_060,psico,sunday,15:00,16:30,2026-05-09,2026-05-23,active
evt_sch_01830,U,2026-05-08 17:40:00,2026-05-08 17:41:00,sch_01495,child_060,psico,sunday,15:00,16:30,2026-05-09,2026-05-23,cancelled
evt_sch_01831,I,2026-05-08 17:42:00,2026-05-08 17:43:00,sch_01496,child_033,fono,wednesday,15:00,16:00,2026-06-09,2026-06-23,active
evt_sch_01832,I,2026-05-08 17:44:00,2026-05-08 17:45:00,sch_01497,child_074,fono,tuesday,09:30,11:30,2026-05-09,2026-06-08,active
evt_sch_01833,I,2026-05-08 17:46:00,2026-05-08 17:47:00,sch_01498,child_011,aba,saturday,13:00,14:00,2026-06-26,2026-07-10,active
evt_sch_01834,I,2026-05-08 17:48:00,2026-05-08 17:49:00,sch_01499,child_033,fono,saturday,10:00,11:00,2026-06-15,2026-08-14,active
evt_sch_01835,I,2026-05-08 17:50:00,2026-05-08 17:51:00,sch_01500,child_067,psicoped,friday,10:00,10:45,2026-05-21,2026-07-20,active
evt_sch_01836,U,2026-05-08 17:52:00,2026-05-08 17:53:00,sch_01500,child_067,psicoped,friday,10:00,10:45,2026-05-21,2026-07-20,active
evt_sch_01837,I,2026-05-08 17:54:00,2026-05-08 17:55:00,sch_01501,child_075,aba,saturday,13:00,13:30,2026-06-20,2026-07-20,paused
evt_sch_01838,I,2026-05-08 17:56:00,2026-05-08 17:57:00,sch_01502,child_002,fono,saturday,08:00,08:45,2026-05-11,2026-07-10,active
evt_sch_01839,I,2026-05-08 17:58:00,2026-05-08 17:59:00,sch_01503,child_074,psico,thursday,11:00,11:45,2026-06-10,2026-08-09,active
evt_sch_01840,I,2026-05-08 18:00:00,2026-05-08 18:01:00,sch_01504,child_028,psico,friday,10:00,12:00,2026-05-29,2026-06-12,cancelled
evt_sch_01841,I,2026-05-08 18:02:00,2026-05-08 18:03:00,sch_01505,child_066,to,wednesday,09:00,10:00,2026-05-22,2026-07-21,cancelled
evt_sch_01842,U,2026-05-08 18:04:00,2026-05-08 18:05:00,sch_01505,child_066,to,wednesday,09:00,10:00,2026-05-22,2026-07-21,cancelled
evt_sch_01843,I,2026-05-08 18:06:00,2026-05-08 18:07:00,sch_01506,child_013,to,sunday,15:00,16:00,2026-05-05,2026-06-19,active
evt_sch_01844,I,2026-05-08 18:08:00,2026-05-08 18:09:00,sch_01507,child_004,psicoped,tuesday,08:30,09:15,2026-05-30,2026-06-13,active
evt_sch_01845,I,2026-05-08 18:10:00,2026-05-08 18:11:00,sch_01508,child_038,fono,sunday,11:00,12:00,2026-05-29,2026-07-28,active
evt_sch_01846,I,2026-05-08 18:12:00,2026-05-08 18:13:00,sch_01509,child_011,psicoped,tuesday,13:00,15:00,2026-05-13,2026-06-12,cancelled
evt_sch_01847,I,2026-05-08 18:14:00,2026-05-08 18:15:00,sch_01510,child_029,aba,tuesday,11:00,13:00,2026-06-08,2026-07-08,active
evt_sch_01848,U,2026-05-08 18:16:00,2026-05-08 18:17:00,sch_01510,child_029,aba,tuesday,11:00,13:00,2026-06-08,2026-07-08,paused
evt_sch_01849,I,2026-05-08 18:18:00,2026-05-08 18:19:00,sch_01511,child_068,aba,sunday,15:00,16:00,2026-06-04,2026-07-04,active
evt_sch_01850,I,2026-05-08 18:20:00,2026-05-08 18:21:00,sch_01512,child_068,fono,wednesday,09:00,09:30,2026-06-13,2026-07-13,active
evt_sch_01851,I,2026-05-08 18:22:00,2026-05-08 18:23:00,sch_01513,child_080,fono,sunday,09:00,11:00,2026-06-30,2026-08-29,paused
evt_sch_01852,I,2026-05-08 18:24:00,2026-05-08 18:25:00,sch_01514,child_036,aba,thursday,10:00,11:30,2026-06-27,2026-08-26,paused
evt_sch_01853,I,2026-05-08 18:26:00,2026-05-08 18:27:00,sch_01515,child_060,to,tuesday,10:00,10:30,2026-05-05,2026-06-19,cancelled
evt_sch_01854,U,2026-05-08 18:28:00,2026-05-08 18:29:00,sch_01515,child_060,to,tuesday,10:00,10:30,2026-05-05,2026-06-19,paused
evt_sch_01855,I,2026-05-08 18:30:00,2026-05-08 18:31:00,sch_01516,child_040,fono,saturday,16:00,18:00,2026-05-05,2026-05-19,cancelled
evt_sch_01856,I,2026-05-08 18:32:00,2026-05-08 18:33:00,sch_01517,child_018,fono,thursday,09:00,09:45,2026-05-26,2026-06-25,active
evt_sch_01857,D,2026-05-08 18:34:00,2026-05-08 18:35:00,sch_01517,child_018,fono,thursday,09:00,09:45,2026-05-26,2026-06-25,cancelled
evt_sch_01858,I,2026-05-08 18:36:00,2026-05-08 18:37:00,sch_01518,child_051,psicoped,tuesday,09:30,10:30,2026-05-05,2026-06-04,paused
evt_sch_01859,I,2026-05-08 18:38:00,2026-05-08 18:39:00,sch_01519,child_036,fono,thursday,08:30,10:30,2026-06-30,2026-07-30,active
evt_sch_01860,I,2026-05-08 18:40:00,2026-05-08 18:41:00,sch_01520,child_019,to,sunday,11:00,11:30,2026-06-10,2026-06-24,active
evt_sch_01861,U,2026-05-08 18:42:00,2026-05-08 18:43:00,sch_01520,child_019,to,sunday,11:00,11:30,2026-06-10,2026-06-24,paused
evt_sch_01862,I,2026-05-08 18:44:00,2026-05-08 18:45:00,sch_01521,child_014,psicoped,thursday,09:30,11:00,2026-05-20,2026-06-03,active
evt_sch_01863,I,2026-05-08 18:46:00,2026-05-08 18:47:00,sch_01522,child_079,psico,tuesday,08:30,09:30,2026-06-26,2026-08-10,paused
evt_sch_01864,I,2026-05-08 18:48:00,2026-05-08 18:49:00,sch_01523,child_006,psico,sunday,10:00,10:30,2026-06-10,2026-08-09,active
evt_sch_01865,I,2026-05-08 18:50:00,2026-05-08 18:51:00,sch_01524,child_022,psico,sunday,10:00,10:45,2026-06-03,2026-06-17,active
evt_sch_01866,I,2026-05-08 18:52:00,2026-05-08 18:53:00,sch_01525,child_078,psicoped,sunday,11:00,11:45,2026-06-25,2026-08-24,cancelled
evt_sch_01867,U,2026-05-08 18:54:00,2026-05-08 18:55:00,sch_01525,child_078,psicoped,sunday,11:00,11:45,2026-06-25,2026-08-24,cancelled
evt_sch_01868,I,2026-05-08 18:56:00,2026-05-08 18:57:00,sch_01526,child_054,aba,saturday,08:30,09:30,2026-06-23,2026-08-07,paused
evt_sch_01869,I,2026-05-08 18:58:00,2026-05-08 18:59:00,sch_01527,child_066,to,thursday,10:00,11:00,2026-05-06,2026-05-20,active
evt_sch_01870,I,2026-05-08 19:00:00,2026-05-08 19:01:00,sch_01528,child_063,fono,friday,14:00,14:45,2026-06-07,2026-08-06,active
evt_sch_01871,I,2026-05-08 19:02:00,2026-05-08 19:03:00,sch_01529,child_014,psico,friday,16:00,18:00,2026-05-25,2026-07-24,active
evt_sch_01872,I,2026-05-08 19:04:00,2026-05-08 19:05:00,sch_01530,child_014,psicoped,sunday,08:30,10:30,2026-05-07,2026-05-21,paused
evt_sch_01873,U,2026-05-08 19:06:00,2026-05-08 19:07:00,sch_01530,child_014,psicoped,sunday,08:30,10:30,2026-05-07,2026-05-21,active
evt_sch_01874,I,2026-05-08 19:08:00,2026-05-08 19:09:00,sch_01531,child_047,psicoped,saturday,16:00,17:30,2026-06-22,2026-08-21,cancelled
evt_sch_01875,I,2026-05-08 19:10:00,2026-05-08 19:11:00,sch_01532,child_006,to,saturday,14:00,15:30,2026-06-06,2026-06-20,paused
evt_sch_01876,I,2026-05-08 19:12:00,2026-05-08 19:13:00,sch_01533,child_056,aba,tuesday,16:00,16:45,2026-05-02,2026-06-16,active
evt_sch_01877,I,2026-05-08 19:14:00,2026-05-08 19:15:00,sch_01534,child_053,aba,saturday,14:00,15:00,2026-05-23,2026-07-07,active
evt_sch_01878,I,2026-05-08 19:16:00,2026-05-08 19:17:00,sch_01535,child_032,to,thursday,08:00,09:00,2026-05-30,2026-07-14,cancelled
evt_sch_01879,U,2026-05-08 19:18:00,2026-05-08 19:19:00,sch_01535,child_032,to,thursday,08:00,09:00,2026-05-30,2026-07-14,active
evt_sch_01880,I,2026-05-08 19:20:00,2026-05-08 19:21:00,sch_01536,child_027,psicoped,sunday,15:00,16:00,2026-06-17,2026-08-16,cancelled
evt_sch_01881,I,2026-05-08 19:22:00,2026-05-08 19:23:00,sch_01537,child_023,psico,sunday,08:30,09:30,2026-05-23,2026-06-22,active
evt_sch_01882,I,2026-05-08 19:24:00,2026-05-08 19:25:00,sch_01538,child_040,aba,saturday,08:30,10:00,2026-05-21,2026-07-20,active
evt_sch_01883,I,2026-05-08 19:26:00,2026-05-08 19:27:00,sch_01539,child_049,fono,wednesday,14:00,15:00,2026-05-22,2026-07-21,paused
evt_sch_01884,I,2026-05-08 19:28:00,2026-05-08 19:29:00,sch_01540,child_021,fono,wednesday,08:00,08:30,2026-05-13,2026-06-27,paused
evt_sch_01885,U,2026-05-08 19:30:00,2026-05-08 19:31:00,sch_01540,child_021,fono,wednesday,08:00,08:30,2026-05-13,2026-06-27,paused
evt_sch_01886,I,2026-05-08 19:32:00,2026-05-08 19:33:00,sch_01541,child_072,to,sunday,15:00,17:00,2026-05-12,2026-07-11,active
evt_sch_01887,I,2026-05-08 19:34:00,2026-05-08 19:35:00,sch_01542,child_010,fono,monday,08:30,10:30,2026-06-28,2026-08-27,paused
evt_sch_01888,I,2026-05-08 19:36:00,2026-05-08 19:37:00,sch_01543,child_019,to,friday,11:00,12:30,2026-05-09,2026-07-08,active
evt_sch_01889,I,2026-05-08 19:38:00,2026-05-08 19:39:00,sch_01544,child_038,psicoped,friday,08:30,09:30,2026-05-15,2026-07-14,cancelled
evt_sch_01890,I,2026-05-08 19:40:00,2026-05-08 19:41:00,sch_01545,child_032,psicoped,tuesday,10:00,10:30,2026-06-01,2026-07-01,cancelled
evt_sch_01891,U,2026-05-08 19:42:00,2026-05-08 19:43:00,sch_01545,child_032,psicoped,tuesday,10:00,10:30,2026-06-01,2026-07-01,active
evt_sch_01892,I,2026-05-08 19:44:00,2026-05-08 19:45:00,sch_01546,child_032,fono,thursday,09:30,10:15,2026-05-01,2026-06-15,active
evt_sch_01893,I,2026-05-08 19:46:00,2026-05-08 19:47:00,sch_01547,child_003,psicoped,thursday,14:00,15:30,2026-06-05,2026-07-05,active
evt_sch_01894,I,2026-05-08 19:48:00,2026-05-08 19:49:00,sch_01548,child_067,psicoped,thursday,16:00,17:30,2026-06-17,2026-08-01,cancelled
evt_sch_01895,I,2026-05-08 19:50:00,2026-05-08 19:51:00,sch_01549,child_047,to,thursday,11:00,12:00,2026-06-27,2026-07-27,active
evt_sch_01896,I,2026-05-08 19:52:00,2026-05-08 19:53:00,sch_01550,child_046,aba,saturday,09:00,10:00,2026-06-25,2026-07-25,cancelled
evt_sch_01897,U,2026-05-08 19:54:00,2026-05-08 19:55:00,sch_01550,child_046,aba,saturday,09:00,10:00,2026-06-25,2026-07-25,paused
evt_sch_01898,I,2026-05-08 19:56:00,2026-05-08 19:57:00,sch_01551,child_017,aba,sunday,15:00,16:30,2026-06-04,2026-07-19,active
evt_sch_01899,I,2026-05-08 19:58:00,2026-05-08 19:59:00,sch_01552,child_078,fono,saturday,11:00,13:00,2026-06-22,2026-07-22,active
evt_sch_01900,I,2026-05-08 20:00:00,2026-05-08 20:01:00,sch_01553,child_074,aba,thursday,16:00,17:30,2026-06-01,2026-07-31,active
evt_sch_01901,I,2026-05-08 20:02:00,2026-05-08 20:03:00,sch_01554,child_022,aba,friday,14:00,16:00,2026-06-11,2026-06-25,paused
evt_sch_01902,I,2026-05-08 20:04:00,2026-05-08 20:05:00,sch_01555,child_062,fono,monday,11:00,11:30,2026-06-16,2026-07-31,active
evt_sch_01903,U,2026-05-08 20:06:00,2026-05-08 20:07:00,sch_01555,child_062,fono,monday,11:00,11:30,2026-06-16,2026-07-31,paused
evt_sch_01904,I,2026-05-08 20:08:00,2026-05-08 20:09:00,sch_01556,child_004,psicoped,thursday,13:00,13:45,2026-05-26,2026-06-25,active
evt_sch_01905,I,2026-05-08 20:10:00,2026-05-08 20:11:00,sch_01557,child_040,psicoped,saturday,10:00,11:00,2026-05-15,2026-07-14,active
evt_sch_01906,I,2026-05-08 20:12:00,2026-05-08 20:13:00,sch_01558,child_070,psicoped,wednesday,08:00,10:00,2026-05-04,2026-06-18,active
evt_sch_01907,D,2026-05-08 20:14:00,2026-05-08 20:15:00,sch_01558,child_070,psicoped,wednesday,08:00,10:00,2026-05-04,2026-06-18,cancelled
evt_sch_01908,I,2026-05-08 20:16:00,2026-05-08 20:17:00,sch_01559,child_010,psicoped,monday,15:00,16:30,2026-06-16,2026-07-16,cancelled
evt_sch_01909,I,2026-05-08 20:18:00,2026-05-08 20:19:00,sch_01560,child_032,psicoped,sunday,09:00,09:45,2026-05-02,2026-07-01,cancelled
evt_sch_01910,U,2026-05-08 20:20:00,2026-05-08 20:21:00,sch_01560,child_032,psicoped,sunday,09:00,09:45,2026-05-02,2026-07-01,cancelled
evt_sch_01911,I,2026-05-08 20:22:00,2026-05-08 20:23:00,sch_01561,child_012,aba,thursday,16:00,17:30,2026-06-21,2026-08-20,active
evt_sch_01912,I,2026-05-08 20:24:00,2026-05-08 20:25:00,sch_01562,child_061,fono,sunday,11:00,11:45,2026-05-07,2026-06-21,active
evt_sch_01913,I,2026-05-08 20:26:00,2026-05-08 20:27:00,sch_01563,child_056,to,thursday,08:30,09:15,2026-05-17,2026-07-16,active
evt_sch_01914,I,2026-05-08 20:28:00,2026-05-08 20:29:00,sch_01564,child_045,aba,wednesday,14:00,14:30,2026-06-03,2026-07-18,active
evt_sch_01915,I,2026-05-08 20:30:00,2026-05-08 20:31:00,sch_01565,child_078,aba,friday,08:00,09:00,2026-05-07,2026-06-06,active
evt_sch_01916,U,2026-05-08 20:32:00,2026-05-08 20:33:00,sch_01565,child_078,aba,friday,08:00,09:00,2026-05-07,2026-06-06,paused
evt_sch_01917,I,2026-05-08 20:34:00,2026-05-08 20:35:00,sch_01566,child_002,aba,wednesday,13:00,14:00,2026-05-02,2026-06-16,paused
evt_sch_01918,I,2026-05-08 20:36:00,2026-05-08 20:37:00,sch_01567,child_023,fono,saturday,16:00,17:30,2026-05-12,2026-06-11,paused
evt_sch_01919,I,2026-05-08 20:38:00,2026-05-08 20:39:00,sch_01568,child_013,fono,friday,11:00,13:00,2026-05-12,2026-07-11,cancelled
evt_sch_01920,I,2026-05-08 20:40:00,2026-05-08 20:41:00,sch_01569,child_023,psicoped,tuesday,14:00,14:30,2026-06-09,2026-06-23,paused
evt_sch_01921,I,2026-05-08 20:42:00,2026-05-08 20:43:00,sch_01570,child_016,to,wednesday,08:30,09:30,2026-06-13,2026-07-13,active
evt_sch_01922,U,2026-05-08 20:44:00,2026-05-08 20:45:00,sch_01570,child_016,to,wednesday,08:30,09:30,2026-06-13,2026-07-13,active
evt_sch_01923,I,2026-05-08 20:46:00,2026-05-08 20:47:00,sch_01571,child_013,psico,tuesday,16:00,16:45,2026-06-09,2026-07-24,paused
evt_sch_01924,I,2026-05-08 20:48:00,2026-05-08 20:49:00,sch_01572,child_071,psico,sunday,14:00,14:30,2026-06-12,2026-06-26,active
evt_sch_01925,I,2026-05-08 20:50:00,2026-05-08 20:51:00,sch_01573,child_047,fono,tuesday,14:00,14:45,2026-06-20,2026-08-19,active
evt_sch_01926,I,2026-05-08 20:52:00,2026-05-08 20:53:00,sch_01574,child_008,psico,sunday,16:00,16:30,2026-06-24,2026-07-08,active
evt_sch_01927,I,2026-05-08 20:54:00,2026-05-08 20:55:00,sch_01575,child_042,psicoped,friday,16:00,18:00,2026-06-03,2026-08-02,cancelled
evt_sch_01928,U,2026-05-08 20:56:00,2026-05-08 20:57:00,sch_01575,child_042,psicoped,friday,16:00,18:00,2026-06-03,2026-08-02,paused
evt_sch_01929,I,2026-05-08 20:58:00,2026-05-08 20:59:00,sch_01576,child_026,to,wednesday,09:00,10:30,2026-06-18,2026-07-18,active
evt_sch_01930,I,2026-05-08 21:00:00,2026-05-08 21:01:00,sch_01577,child_055,psico,thursday,13:00,13:30,2026-06-01,2026-06-15,active
evt_sch_01931,I,2026-05-08 21:02:00,2026-05-08 21:03:00,sch_01578,child_042,psicoped,thursday,16:00,17:30,2026-05-20,2026-07-19,paused
evt_sch_01932,I,2026-05-08 21:04:00,2026-05-08 21:05:00,sch_01579,child_037,aba,friday,08:00,08:45,2026-06-30,2026-07-14,active
evt_sch_01933,I,2026-05-08 21:06:00,2026-05-08 21:07:00,sch_01580,child_076,psicoped,friday,09:00,10:00,2026-06-17,2026-07-01,active
evt_sch_01934,U,2026-05-08 21:08:00,2026-05-08 21:09:00,sch_01580,child_076,psicoped,friday,09:00,10:00,2026-06-17,2026-07-01,active
evt_sch_01935,I,2026-05-08 21:10:00,2026-05-08 21:11:00,sch_01581,child_039,psico,tuesday,11:00,13:00,2026-05-04,2026-07-03,cancelled
evt_sch_01936,I,2026-05-08 21:12:00,2026-05-08 21:13:00,sch_01582,child_068,fono,friday,11:00,11:30,2026-06-28,2026-07-28,active
evt_sch_01937,I,2026-05-08 21:14:00,2026-05-08 21:15:00,sch_01583,child_024,fono,saturday,11:00,11:30,2026-06-15,2026-07-15,active
evt_sch_01938,I,2026-05-08 21:16:00,2026-05-08 21:17:00,sch_01584,child_074,psicoped,monday,08:00,09:30,2026-05-14,2026-05-28,paused
evt_sch_01939,I,2026-05-08 21:18:00,2026-05-08 21:19:00,sch_01585,child_001,fono,saturday,11:00,11:45,2026-05-25,2026-06-24,active
evt_sch_01940,U,2026-05-08 21:20:00,2026-05-08 21:21:00,sch_01585,child_001,fono,saturday,11:00,11:45,2026-05-25,2026-06-24,cancelled
evt_sch_01941,I,2026-05-08 21:22:00,2026-05-08 21:23:00,sch_01586,child_006,fono,tuesday,16:00,16:45,2026-06-09,2026-07-24,paused
evt_sch_01942,I,2026-05-08 21:24:00,2026-05-08 21:25:00,sch_01587,child_055,psicoped,saturday,10:00,10:45,2026-06-30,2026-08-14,active
evt_sch_01943,I,2026-05-08 21:26:00,2026-05-08 21:27:00,sch_01588,child_002,psico,sunday,13:00,14:30,2026-05-18,2026-06-17,cancelled
evt_sch_01944,I,2026-05-08 21:28:00,2026-05-08 21:29:00,sch_01589,child_063,to,friday,08:00,09:30,2026-05-03,2026-07-02,active
evt_sch_01945,I,2026-05-08 21:30:00,2026-05-08 21:31:00,sch_01590,child_029,aba,saturday,08:30,09:00,2026-05-11,2026-07-10,active
evt_sch_01946,U,2026-05-08 21:32:00,2026-05-08 21:33:00,sch_01590,child_029,aba,saturday,08:30,09:00,2026-05-11,2026-07-10,paused
evt_sch_01947,I,2026-05-08 21:34:00,2026-05-08 21:35:00,sch_01591,child_042,fono,saturday,10:00,11:30,2026-05-19,2026-07-03,active
evt_sch_01948,I,2026-05-08 21:36:00,2026-05-08 21:37:00,sch_01592,child_073,to,monday,08:30,10:00,2026-06-22,2026-07-22,paused
evt_sch_01949,I,2026-05-08 21:38:00,2026-05-08 21:39:00,sch_01593,child_072,psico,tuesday,09:00,11:00,2026-05-03,2026-07-02,active
evt_sch_01950,I,2026-05-08 21:40:00,2026-05-08 21:41:00,sch_01594,child_015,fono,monday,13:00,13:45,2026-05-06,2026-05-20,active
evt_sch_01951,I,2026-05-08 21:42:00,2026-05-08 21:43:00,sch_01595,child_079,to,thursday,09:00,10:30,2026-06-08,2026-06-22,active
evt_sch_01952,U,2026-05-08 21:44:00,2026-05-08 21:45:00,sch_01595,child_079,to,thursday,09:00,10:30,2026-06-08,2026-06-22,paused
evt_sch_01953,I,2026-05-08 21:46:00,2026-05-08 21:47:00,sch_01596,child_025,fono,saturday,11:00,11:30,2026-06-06,2026-06-20,paused
evt_sch_01954,I,2026-05-08 21:48:00,2026-05-08 21:49:00,sch_01597,child_044,to,tuesday,11:00,12:30,2026-05-13,2026-05-27,active
evt_sch_01955,I,2026-05-08 21:50:00,2026-05-08 21:51:00,sch_01598,child_020,to,friday,08:30,09:15,2026-05-12,2026-06-11,active
evt_sch_01956,I,2026-05-08 21:52:00,2026-05-08 21:53:00,sch_01599,child_057,aba,sunday,14:00,14:30,2026-06-23,2026-07-23,active
evt_sch_01957,D,2026-05-08 21:54:00,2026-05-08 21:55:00,sch_01599,child_057,aba,sunday,14:00,14:30,2026-06-23,2026-07-23,cancelled
evt_sch_01958,I,2026-05-08 21:56:00,2026-05-08 21:57:00,sch_01600,child_037,psicoped,tuesday,09:00,11:00,2026-05-21,2026-06-04,active
evt_sch_01959,U,2026-05-08 21:58:00,2026-05-08 21:59:00,sch_01600,child_037,psicoped,tuesday,09:00,11:00,2026-05-21,2026-06-04,active
